quote_timestamp,Lambda14,Lambda13,Lambda12,Lambda11,Lambda10,Lambda9,Lambda8,Lambda7,Lambda6,Lambda5,Lambda4,Lambda3,Lambda2,Lambda1,OPEN,LOW,HIGH,CLOSE,L,Lambda,Lambda_hat,f,S,f_mean,f_stdev
2024-10-11,0.01632722362496478,-0.005372355092613329,-0.006084676623436422,0.018334897408810807,-0.010731610787723804,-0.012431593676494202,-0.002365466890311028,0.01674230429604451,-0.025532813880756858,0.031168929938891365,-0.012013154279881179,0.0028638125294088742,-0.0008507583612497563,-0.015804822338185063,141.97,141.97,143.89,143.01,0.007369230106548368,0.019969144803555862,0.016892623,0.46744871079941946,1e-06,0.611133093058706,0.24570356612021724
2024-10-14,-0.005372355092613329,-0.006084676623436422,0.018334897408810807,-0.010731610787723804,-0.012431593676494202,-0.002365466890311028,0.01674230429604451,-0.025532813880756858,0.031168929938891365,-0.012013154279881179,0.0028638125294088742,-0.0008507583612497563,-0.015804822338185063,0.019969144803555862,143.46,142.8,144.46,144.26,0.008702669190682875,0.0013334390841345072,0.0010930855,0.3435793149587143,1e-06,0.5731609910507396,0.24281782688554057
2024-10-15,-0.006084676623436422,0.018334897408810807,-0.010731610787723804,-0.012431593676494202,-0.002365466890311028,0.01674230429604451,-0.025532813880756858,0.031168929938891365,-0.012013154279881179,0.0028638125294088742,-0.0008507583612497563,-0.015804822338185063,0.019969144803555862,0.0013334390841345072,143.66,143.66,147.2,146.26,0.013768632767278724,0.005065963576595849,-0.00076214905,1.448064877568246,0.6238020099139958,0.5862156950283852,0.2842672448557949
2024-10-16,0.018334897408810807,-0.010731610787723804,-0.012431593676494202,-0.002365466890311028,0.01674230429604451,-0.025532813880756858,0.031168929938891365,-0.012013154279881179,0.0028638125294088742,-0.0008507583612497563,-0.015804822338185063,0.019969144803555862,0.0013334390841345072,0.005065963576595849,146.06,144.7,146.47,145.06,-0.008238409907538559,-0.022007042674817283,-0.005130341,0.22786555912418605,1e-06,0.5407527918284274,0.2872447691769624
2024-10-17,-0.010731610787723804,-0.012431593676494202,-0.002365466890311028,0.01674230429604451,-0.025532813880756858,0.031168929938891365,-0.012013154279881179,0.0028638125294088742,-0.0008507583612497563,-0.015804822338185063,0.019969144803555862,0.0013334390841345072,0.005065963576595849,-0.022007042674817283,145.05,143.66,146.1,144.09,-0.00670934559042336,0.0015290643171151988,0.0127728265,0.3815646791952234,1e-06,0.5372596160067221,0.28898120594581267
2024-10-18,-0.012431593676494202,-0.002365466890311028,0.01674230429604451,-0.025532813880756858,0.031168929938891365,-0.012013154279881179,0.0028638125294088742,-0.0008507583612497563,-0.015804822338185063,0.019969144803555862,0.0013334390841345072,0.005065963576595849,-0.022007042674817283,0.0015290643171151988,142.73,142.73,144.69,144.18,0.0006244146315900706,0.00733376022201343,0.010720312,0.021860362387479945,1e-06,0.5088049419531339,0.31940279654765935
2024-10-21,-0.002365466890311028,0.01674230429604451,-0.025532813880756858,0.031168929938891365,-0.012013154279881179,0.0028638125294088742,-0.0008507583612497563,-0.015804822338185063,0.019969144803555862,0.0013334390841345072,0.005065963576595849,-0.022007042674817283,0.0015290643171151988,0.00733376022201343,142.97,142.36,145.79,145.73,0.010693075569172844,0.010068660937582774,0.0016815948,0.520268882938635,0.3830390483675898,0.5155499507905338,0.3185118046596131
2024-10-22,0.01674230429604451,-0.025532813880756858,0.031168929938891365,-0.012013154279881179,0.0028638125294088742,-0.0008507583612497563,-0.015804822338185063,0.019969144803555862,0.0013334390841345072,0.005065963576595849,-0.022007042674817283,0.0015290643171151988,0.00733376022201343,0.010068660937582774,144.47,144.47,146.36,145.79,0.0004116355711254234,-0.01028143999804742,-0.004202639,1.2723056716819734,1e-06,0.5822108480518088,0.37191434491205383
2024-10-23,-0.025532813880756858,0.031168929938891365,-0.012013154279881179,0.0028638125294088742,-0.0008507583612497563,-0.015804822338185063,0.019969144803555862,0.0013334390841345072,0.005065963576595849,-0.022007042674817283,0.0015290643171151988,0.00733376022201343,0.010068660937582774,-0.01028143999804742,145.26,143.92,145.83,144.83,-0.006606589303965267,-0.007018224875090691,0.004850351,0.6937657653119585,1e-06,0.5891284323902982,0.37310772319279545
2024-10-24,0.031168929938891365,-0.012013154279881179,0.0028638125294088742,-0.0008507583612497563,-0.015804822338185063,0.019969144803555862,0.0013334390841345072,0.005065963576595849,-0.022007042674817283,0.0015290643171151988,0.00733376022201343,0.010068660937582774,-0.01028143999804742,-0.007018224875090691,145.13,144.34,146.46,144.96,0.0008972014819043279,0.007503790785869595,0.011725193,1.0172011180234748,0.9902376183143704,0.6206326501736903,0.3901581739005144
2024-10-25,-0.012013154279881179,0.0028638125294088742,-0.0008507583612497563,-0.015804822338185063,0.019969144803555862,0.0013334390841345072,0.005065963576595849,-0.022007042674817283,0.0015290643171151988,0.00733376022201343,0.010068660937582774,-0.01028143999804742,-0.007018224875090691,0.007503790785869595,146.19,145.03,147.42,145.27,0.002136237590123266,0.001239036108218938,0.00511974,1.187909137320509,1e-06,0.6675320919011455,0.41712714542446055
2024-10-28,0.0028638125294088742,-0.0008507583612497563,-0.015804822338185063,0.019969144803555862,0.0013334390841345072,0.005065963576595849,-0.022007042674817283,0.0015290643171151988,0.00733376022201343,0.010068660937582774,-0.01028143999804742,-0.007018224875090691,0.007503790785869595,0.001239036108218938,145.63,142.85,146.7,144.17,-0.007600921060979644,-0.00973715865110291,0.004709254,0.10888392310553519,1e-06,0.6267030189021632,0.4429375177888885
2024-10-29,-0.0008507583612497563,-0.015804822338185063,0.019969144803555862,0.0013334390841345072,0.005065963576595849,-0.022007042674817283,0.0015290643171151988,0.00733376022201343,0.010068660937582774,-0.01028143999804742,-0.007018224875090691,0.007503790785869595,0.001239036108218938,-0.00973715865110291,144.39,143.37,146.22,145.61,0.009938655899001038,0.017539576959980683,0.012171618,0.19775189924869097,1e-06,0.6047492503335955,0.4568270781459287
2024-10-30,-0.015804822338185063,0.019969144803555862,0.0013334390841345072,0.005065963576595849,-0.022007042674817283,0.0015290643171151988,0.00733376022201343,0.010068660937582774,-0.01028143999804742,-0.007018224875090691,0.007503790785869595,0.001239036108218938,-0.00973715865110291,0.017539576959980683,146.79,144.13,151.14,149.08,0.02355125988824477,0.013612603989243733,-0.0024893407,0.6719470064070221,0.6766659423500745,0.611458350576506,0.45709396671258495
2024-10-31,0.019969144803555862,0.0013334390841345072,0.005065963576595849,-0.022007042674817283,0.0015290643171151988,0.00733376022201343,0.010068660937582774,-0.01028143999804742,-0.007018224875090691,0.007503790785869595,0.001239036108218938,-0.00973715865110291,0.017539576959980683,0.013612603989243733,147.65,147.65,151.52,150.96,0.012531826449237343,-0.011019433439007428,-0.014479257,1.395677895662713,1e-06,0.6777604352095983,0.49991319368299986
2024-11-01,0.0013334390841345072,0.005065963576595849,-0.022007042674817283,0.0015290643171151988,0.00733376022201343,0.010068660937582774,-0.01028143999804742,-0.007018224875090691,0.007503790785869595,0.001239036108218938,-0.00973715865110291,0.017539576959980683,0.013612603989243733,-0.011019433439007428,149.89,148.7,152.43,151.25,0.0019191958506561686,-0.010612630598581174,-0.0022585925,0.9352015929498994,1e-06,0.7200191693518259,0.4944670274335524
2024-11-04,0.005065963576595849,-0.022007042674817283,0.0015290643171151988,0.00733376022201343,0.010068660937582774,-0.01028143999804742,-0.007018224875090691,0.007503790785869595,0.001239036108218938,-0.00973715865110291,0.017539576959980683,0.013612603989243733,-0.011019433439007428,-0.010612630598581174,149.92,149.68,152.98,152.79,0.010130332653672207,0.008211136803016038,0.00883348,0.9352015929498994,1e-06,0.6833860775933726,0.4536971618105967
2024-11-05,-0.022007042674817283,0.0015290643171151988,0.00733376022201343,0.010068660937582774,-0.01028143999804742,-0.007018224875090691,0.007503790785869595,0.001239036108218938,-0.00973715865110291,0.017539576959980683,0.013612603989243733,-0.011019433439007428,-0.010612630598581174,0.008211136803016038,151.72,151.72,155.48,155.45,0.01725970694014001,0.007129374286467803,-0.0013316101,0.9352015929498994,1e-06,0.733910080009495,0.4381876269889502
2024-11-06,0.0015290643171151988,0.00733376022201343,0.010068660937582774,-0.01028143999804742,-0.007018224875090691,0.007503790785869595,0.001239036108218938,-0.00973715865110291,0.017539576959980683,0.013612603989243733,-0.011019433439007428,-0.010612630598581174,0.008211136803016038,0.007129374286467803,155.76,155.76,159.23,157.66,0.014116679126999565,-0.0031430278131404452,-0.0074147037,0.9352015929498994,1e-06,0.7734555738491148,0.4288254351979539
2024-11-07,0.00733376022201343,0.010068660937582774,-0.01028143999804742,-0.007018224875090691,0.007503790785869595,0.001239036108218938,-0.00973715865110291,0.017539576959980683,0.013612603989243733,-0.011019433439007428,-0.010612630598581174,0.008211136803016038,0.007129374286467803,-0.0031430278131404452,157.56,157.17,160.19,159.64,0.012480464548771126,-0.0016362145782284395,-0.0029280435,0.9352015929498994,1e-06,0.8386942331750019,0.3713041005138544
2024-11-08,0.010068660937582774,-0.01028143999804742,-0.007018224875090691,0.007503790785869595,0.001239036108218938,-0.00973715865110291,0.017539576959980683,0.013612603989243733,-0.011019433439007428,-0.010612630598581174,0.008211136803016038,0.007129374286467803,-0.0031430278131404452,-0.0016362145782284395,158.48,157.35,158.93,157.72,-0.012099971171106423,-0.02458043571987755,-0.0006267182,0.9352015929498994,1e-06,0.8683322838900922,0.36032984097630677
2024-11-11,-0.01028143999804742,-0.007018224875090691,0.007503790785869595,0.001239036108218938,-0.00973715865110291,0.017539576959980683,0.013612603989243733,-0.011019433439007428,-0.010612630598581174,0.008211136803016038,0.007129374286467803,-0.0031430278131404452,-0.0016362145782284395,-0.02458043571987755,157.52,157.35,159.69,159.36,0.01034448482686208,0.0224444559979685,0.018706454,0.9352015929498994,1e-06,0.8442534211235155,0.34205809779518437
2024-11-12,-0.007018224875090691,0.007503790785869595,0.001239036108218938,-0.00973715865110291,0.017539576959980683,0.013612603989243733,-0.011019433439007428,-0.010612630598581174,0.008211136803016038,0.007129374286467803,-0.0031430278131404452,-0.0016362145782284395,-0.02458043571987755,0.0224444559979685,159.0,158.0,162.82,162.79,0.021295232784130435,0.010950747957268355,-0.0030066497,0.9352015929498994,0.34973494169999664,0.8614988373833684,0.33996719564977307
2024-11-13,0.007503790785869595,0.001239036108218938,-0.00973715865110291,0.017539576959980683,0.013612603989243733,-0.011019433439007428,-0.010612630598581174,0.008211136803016038,0.007129374286467803,-0.0031430278131404452,-0.0016362145782284395,-0.02458043571987755,0.0224444559979685,0.010950747957268355,161.29,161.29,162.82,162.48,-0.0019061093482891204,-0.023201342132419554,-0.0103360135,0.9352015929498994,1e-06,0.8556417284495417,0.3377776509622307
2024-11-14,0.001239036108218938,-0.00973715865110291,0.017539576959980683,0.013612603989243733,-0.011019433439007428,-0.010612630598581174,0.008211136803016038,0.007129374286467803,-0.0031430278131404452,-0.0016362145782284395,-0.02458043571987755,0.0224444559979685,0.010950747957268355,-0.023201342132419554,161.5,161.5,164.31,164.07,0.009738248754661963,0.011644358102951084,0.010313209,0.9352015929498994,1e-06,0.8375911895659266,0.32517276745777884
2024-11-15,-0.00973715865110291,0.017539576959980683,0.013612603989243733,-0.011019433439007428,-0.010612630598581174,0.008211136803016038,0.007129374286467803,-0.0031430278131404452,-0.0016362145782284395,-0.02458043571987755,0.0224444559979685,0.010950747957268355,-0.023201342132419554,0.011644358102951084,162.72,161.08,163.41,161.28,-0.017151181143786953,-0.026889429898448915,0.003582827,0.6363630335476337,0.7275831890344768,0.8752682688832193,0.2578296831019634
2024-11-18,0.017539576959980683,0.013612603989243733,-0.011019433439007428,-0.010612630598581174,0.008211136803016038,0.007129374286467803,-0.0031430278131404452,-0.0016362145782284395,-0.02458043571987755,0.0224444559979685,0.010950747957268355,-0.023201342132419554,0.011644358102951084,-0.026889429898448915,159.01,159.01,164.39,163.89,0.016053486192732266,0.03320466733651922,0.024992123,0.6363630335476337,1e-06,0.906597635618858,0.18574087877329434
2024-11-19,0.013612603989243733,-0.011019433439007428,-0.010612630598581174,0.008211136803016038,0.007129374286467803,-0.0031430278131404452,-0.0016362145782284395,-0.02458043571987755,0.0224444559979685,0.010950747957268355,-0.023201342132419554,0.011644358102951084,-0.026889429898448915,0.03320466733651922,161.26,161.26,166.32,166.13,0.013575143322651723,-0.0024783428700805438,-0.0018170652,0.6363630335476337,1e-06,0.9040559232717589,0.18940618557868819
2024-11-20,-0.011019433439007428,-0.010612630598581174,0.008211136803016038,0.007129374286467803,-0.0031430278131404452,-0.0016362145782284395,-0.02458043571987755,0.0224444559979685,0.010950747957268355,-0.023201342132419554,0.011644358102951084,-0.026889429898448915,0.03320466733651922,-0.0024783428700805438,165.28,164.5,167.41,166.52,0.0023448079283876246,-0.011230335394264098,-5.0457875e-05,0.6363630335476337,1e-06,0.849819147406396,0.140097677531016
2024-11-21,-0.010612630598581174,0.008211136803016038,0.007129374286467803,-0.0031430278131404452,-0.0016362145782284395,-0.02458043571987755,0.0224444559979685,0.010950747957268355,-0.023201342132419554,0.011644358102951084,-0.026889429898448915,0.03320466733651922,-0.0024783428700805438,-0.011230335394264098,166.49,165.06,168.03,167.98,0.008729502370706424,0.006384694442318799,0.0102708815,0.6363630335476337,1e-06,0.8284735360205199,0.1485960267160031
2024-11-22,0.008211136803016038,0.007129374286467803,-0.0031430278131404452,-0.0016362145782284395,-0.02458043571987755,0.0224444559979685,0.010950747957268355,-0.023201342132419554,0.011644358102951084,-0.026889429898448915,0.03320466733651922,-0.0024783428700805438,-0.011230335394264098,0.006384694442318799,166.87,164.44,167.59,166.57,-0.008429283208464361,-0.017158785579170784,0.0032702675,0.6552563472291776,1e-06,0.8084774470404683,0.1519275220266509
2024-11-25,0.007129374286467803,-0.0031430278131404452,-0.0016362145782284395,-0.02458043571987755,0.0224444559979685,0.010950747957268355,-0.023201342132419554,0.011644358102951084,-0.026889429898448915,0.03320466733651922,-0.0024783428700805438,-0.011230335394264098,0.006384694442318799,-0.017158785579170784,166.75,163.06,167.71,164.13,-0.01475684474517194,-0.006327561536707578,0.02012391,0.7114511464090426,1e-06,0.7924952722875499,0.14931760431508384
2024-11-26,-0.0031430278131404452,-0.0016362145782284395,-0.02458043571987755,0.0224444559979685,0.010950747957268355,-0.023201342132419554,0.011644358102951084,-0.026889429898448915,0.03320466733651922,-0.0024783428700805438,-0.011230335394264098,0.006384694442318799,-0.017158785579170784,-0.006327561536707578,164.18,162.95,166.07,165.0,0.005286677156736556,0.020043521901908494,0.024320604,0.45267322255550557,1e-06,0.7580289601165218,0.1683237879209774
2024-11-27,-0.0016362145782284395,-0.02458043571987755,0.0224444559979685,0.010950747957268355,-0.023201342132419554,0.011644358102951084,-0.026889429898448915,0.03320466733651922,-0.0024783428700805438,-0.011230335394264098,0.006384694442318799,-0.017158785579170784,-0.006327561536707578,0.020043521901908494,163.89,162.79,164.31,163.04,-0.011949904426165758,-0.017236581582902314,0.0011839541,0.654359792605592,1e-06,0.7379688315204997,0.16220857901482555
2024-11-29,-0.02458043571987755,0.0224444559979685,0.010950747957268355,-0.023201342132419554,0.011644358102951084,-0.026889429898448915,0.03320466733651922,-0.0024783428700805438,-0.011230335394264098,0.006384694442318799,-0.017158785579170784,-0.006327561536707578,0.020043521901908494,-0.017236581582902314,162.5,162.0,164.2,162.0,-0.006399234242030332,0.005550670184135426,0.018482443,0.025940751533251663,1e-06,0.6730216285621677,0.24036516714203285
2024-12-02,0.0224444559979685,0.010950747957268355,-0.023201342132419554,0.011644358102951084,-0.026889429898448915,0.03320466733651922,-0.0024783428700805438,-0.011230335394264098,0.006384694442318799,-0.017158785579170784,-0.006327561536707578,0.020043521901908494,-0.017236581582902314,0.005550670184135426,164.01,163.24,166.18,165.82,0.023306527455688723,0.029705761697719053,0.0101459185,0.7048457616487971,0.8845179714243931,0.6565676406120889,0.22863550873787183
2024-12-03,0.010950747957268355,-0.023201342132419554,0.011644358102951084,-0.026889429898448915,0.03320466733651922,-0.0024783428700805438,-0.011230335394264098,0.006384694442318799,-0.017158785579170784,-0.006327561536707578,0.020043521901908494,-0.017236581582902314,0.005550670184135426,0.029705761697719053,165.1,164.38,167.74,167.61,0.010736989451094824,-0.0125695380045939,-0.014716067,1.3040640999621136,1e-06,0.6829149625415328,0.2789348962338989
2024-12-04,-0.023201342132419554,0.011644358102951084,-0.026889429898448915,0.03320466733651922,-0.0024783428700805438,-0.011230335394264098,0.006384694442318799,-0.017158785579170784,-0.006327561536707578,0.020043521901908494,-0.017236581582902314,0.005550670184135426,0.029705761697719053,-0.0125695380045939,167.47,166.5,167.79,167.32,-0.001731705565169279,-0.012468695016264103,-0.0018157789,1.3040640999621136,1e-06,0.7092622844709766,0.31912379563143495
2024-12-05,0.011644358102951084,-0.026889429898448915,0.03320466733651922,-0.0024783428700805438,-0.011230335394264098,0.006384694442318799,-0.017158785579170784,-0.006327561536707578,0.020043521901908494,-0.017236581582902314,0.005550670184135426,0.029705761697719053,-0.0125695380045939,-0.012468695016264103,164.07,164.05,166.98,165.65,-0.010031017828092457,-0.008299312262923178,0.00990472,0.7044906021319973,0.12871845768053827,0.6927829279839836,0.3124459570956029
2024-12-06,-0.026889429898448915,0.03320466733651922,-0.0024783428700805438,-0.011230335394264098,0.006384694442318799,-0.017158785579170784,-0.006327561536707578,0.020043521901908494,-0.017236581582902314,0.005550670184135426,0.029705761697719053,-0.0125695380045939,-0.012468695016264103,-0.008299312262923178,165.71,164.8,167.24,166.81,0.006978311420059336,0.017009329248151794,0.018159974,0.4596742659716251,1e-06,0.6801623017285544,0.3184117689997206
2024-12-09,0.03320466733651922,-0.0024783428700805438,-0.011230335394264098,0.006384694442318799,-0.017158785579170784,-0.006327561536707578,0.020043521901908494,-0.017236581582902314,0.005550670184135426,0.029705761697719053,-0.0125695380045939,-0.012468695016264103,-0.008299312262923178,0.017009329248151794,165.41,165.24,167.59,165.47,-0.00806553066221098,-0.015043842082270317,-0.0019360943,0.7371349651872453,1e-06,0.6873602968456696,0.3184844958072064
2024-12-10,-0.0024783428700805438,-0.011230335394264098,0.006384694442318799,-0.017158785579170784,-0.006327561536707578,0.020043521901908494,-0.017236581582902314,0.005550670184135426,0.029705761697719053,-0.0125695380045939,-0.012468695016264103,-0.008299312262923178,0.017009329248151794,-0.015043842082270317,164.0,163.46,166.64,165.09,-0.0022991297639754628,0.005766400898235517,0.016359404,0.16593071519655533,1e-06,0.6537579883920211,0.34775116421764957
2024-12-11,-0.011230335394264098,0.006384694442318799,-0.017158785579170784,-0.006327561536707578,0.020043521901908494,-0.017236581582902314,0.005550670184135426,0.029705761697719053,-0.0125695380045939,-0.012468695016264103,-0.008299312262923178,0.017009329248151794,-0.015043842082270317,0.005766400898235517,165.11,162.0,165.57,163.87,-0.007417349181644212,-0.005118219417668749,0.007084368,0.43102753271932753,1e-06,0.6390911669042849,0.35283423772970035
2024-12-12,0.006384694442318799,-0.017158785579170784,-0.006327561536707578,0.020043521901908494,-0.017236581582902314,0.005550670184135426,0.029705761697719053,-0.0125695380045939,-0.012468695016264103,-0.008299312262923178,0.017009329248151794,-0.015043842082270317,0.005766400898235517,-0.005118219417668749,163.95,162.27,164.47,162.53,-0.008210830443047941,-0.0007934812614037289,0.009373777,0.1769244546410161,1e-06,0.6062741255538123,0.3738478920894606
2024-12-13,-0.017158785579170784,-0.006327561536707578,0.020043521901908494,-0.017236581582902314,0.005550670184135426,0.029705761697719053,-0.0125695380045939,-0.012468695016264103,-0.008299312262923178,0.017009329248151794,-0.015043842082270317,0.005766400898235517,-0.005118219417668749,-0.0007934812614037289,161.82,156.38,161.9,157.5,-0.03143714184939664,-0.023226311406348697,0.006853846,0.37818661164263173,1e-06,0.5864834301547732,0.37836190008602305
2024-12-16,-0.006327561536707578,0.020043521901908494,-0.017236581582902314,0.005550670184135426,0.029705761697719053,-0.0125695380045939,-0.012468695016264103,-0.008299312262923178,0.017009329248151794,-0.015043842082270317,0.005766400898235517,-0.005118219417668749,-0.0007934812614037289,-0.023226311406348697,156.19,155.06,157.08,156.24,-0.00803217169726393,0.023404970152132706,0.028873129,0.31450222756800295,1e-06,0.5581299359518418,0.38312002660972694
2024-12-17,0.020043521901908494,-0.017236581582902314,0.005550670184135426,0.029705761697719053,-0.0125695380045939,-0.012468695016264103,-0.008299312262923178,0.017009329248151794,-0.015043842082270317,0.005766400898235517,-0.005118219417668749,-0.0007934812614037289,-0.023226311406348697,0.023404970152132706,154.83,154.12,156.83,154.69,-0.009970172319849804,-0.001938000622585874,0.005127409,0.06859389092293973,1e-06,0.5306956979780871,0.4044121954202425
2024-12-18,-0.017236581582902314,0.005550670184135426,0.029705761697719053,-0.0125695380045939,-0.012468695016264103,-0.008299312262923178,0.017009329248151794,-0.015043842082270317,0.005766400898235517,-0.005118219417668749,-0.0007934812614037289,-0.023226311406348697,0.023404970152132706,-0.001938000622585874,152.95,149.0,153.43,150.05,-0.030454542362197055,-0.020484370042347252,0.011221084,0.6049922766287088,1e-06,0.5271694468368812,0.4034650876612652
2024-12-19,0.005550670184135426,0.029705761697719053,-0.0125695380045939,-0.012468695016264103,-0.008299312262923178,0.017009329248151794,-0.015043842082270317,0.005766400898235517,-0.005118219417668749,-0.0007934812614037289,-0.023226311406348697,0.023404970152132706,-0.001938000622585874,-0.020484370042347252,148.72,147.66,151.07,147.66,-0.016056238255356507,0.014398304106840547,0.026182113,0.3124616417494818,1e-06,0.547635224709469,0.38282335393899475
2024-12-20,0.029705761697719053,-0.0125695380045939,-0.012468695016264103,-0.008299312262923178,0.017009329248151794,-0.015043842082270317,0.005766400898235517,-0.005118219417668749,-0.0007934812614037289,-0.023226311406348697,0.023404970152132706,-0.001938000622585874,-0.020484370042347252,0.014398304106840547,147.07,146.38,149.49,147.24,-0.0028484251201988274,0.013207813135157679,0.016825851,0.11413682264635754,0.46593894198934366,0.5054417290664376,0.3964729111705569
2024-12-23,-0.0125695380045939,-0.012468695016264103,-0.008299312262923178,0.017009329248151794,-0.015043842082270317,0.005766400898235517,-0.005118219417668749,-0.0007934812614037289,-0.023226311406348697,0.023404970152132706,-0.001938000622585874,-0.020484370042347252,0.014398304106840547,0.013207813135157679,146.95,146.47,147.47,147.18,-0.0004075810123671958,0.0024408441078316314,0.0031127296,0.03148210857902188,1e-06,0.41454301539621674,0.34133718557119813
2024-12-24,-0.012468695016264103,-0.008299312262923178,0.017009329248151794,-0.015043842082270317,0.005766400898235517,-0.005118219417668749,-0.0007934812614037289,-0.023226311406348697,0.023404970152132706,-0.001938000622585874,-0.020484370042347252,0.014398304106840547,0.013207813135157679,0.0024408441078316314,147.23,146.46,149.6,149.0,0.012289978447006347,0.012697559459373543,0.0023166982,0.4792660291362123,1e-06,0.35562886748008093,0.22853934156733155
2024-12-26,-0.008299312262923178,0.017009329248151794,-0.015043842082270317,0.005766400898235517,-0.005118219417668749,-0.0007934812614037289,-0.023226311406348697,0.023404970152132706,-0.001938000622585874,-0.020484370042347252,0.014398304106840547,0.013207813135157679,0.0024408441078316314,0.012697559459373543,148.0,148.0,149.36,149.01,6.711184190983293e-05,-0.012222866605096513,-0.011430062,0.8295822384264222,1e-06,0.3645639843582541,0.24507496151627803
2024-12-27,0.017009329248151794,-0.015043842082270317,0.005766400898235517,-0.005118219417668749,-0.0007934812614037289,-0.023226311406348697,0.023404970152132706,-0.001938000622585874,-0.020484370042347252,0.014398304106840547,0.013207813135157679,0.0024408441078316314,0.012697559459373543,-0.012222866605096513,148.23,147.0,148.78,147.89,-0.007544663608690931,-0.007611775450600764,0.0010516896,0.727026913534645,1e-06,0.38366060204132696,0.2628293473793555
2024-12-30,-0.015043842082270317,0.005766400898235517,-0.005118219417668749,-0.0007934812614037289,-0.023226311406348697,0.023404970152132706,-0.001938000622585874,-0.020484370042347252,0.014398304106840547,0.013207813135157679,0.0024408441078316314,0.012697559459373543,-0.012222866605096513,-0.007611775450600764,146.69,145.02,147.12,146.53,-0.00923856852874368,-0.0016939049200527488,0.007474226,0.3245828299998701,1e-06,0.3541925923850859,0.24249019384054374
2024-12-31,0.005766400898235517,-0.005118219417668749,-0.0007934812614037289,-0.023226311406348697,0.023404970152132706,-0.001938000622585874,-0.020484370042347252,0.014398304106840547,0.013207813135157679,0.0024408441078316314,0.012697559459373543,-0.012222866605096513,-0.007611775450600764,-0.0016939049200527488,145.2,145.2,146.99,146.3,-0.001570877623854863,0.007667690904888817,0.0081311865,0.08203221685070944,1e-06,0.34819984250323976,0.24846379960858142
2025-01-02,-0.005118219417668749,-0.0007934812614037289,-0.023226311406348697,0.023404970152132706,-0.001938000622585874,-0.020484370042347252,0.014398304106840547,0.013207813135157679,0.0024408441078316314,0.012697559459373543,-0.012222866605096513,-0.007611775450600764,-0.0016939049200527488,0.007667690904888817,147.23,145.26,147.33,145.84,-0.0031491776556708114,-0.0015783000318159485,-0.0024495376,0.8394331899690707,0.8674784733858409,0.37737167516393566,0.28080669647561357
2025-01-03,-0.0007934812614037289,-0.023226311406348697,0.023404970152132706,-0.001938000622585874,-0.020484370042347252,0.014398304106840547,0.013207813135157679,0.0024408441078316314,0.012697559459373543,-0.012222866605096513,-0.007611775450600764,-0.0016939049200527488,0.007667690904888817,-0.0015783000318159485,146.06,145.18,146.9,146.2,0.002465416945270652,0.005614594600941464,-0.0018959458,0.2154952004266733,1e-06,0.38012672843433976,0.2788713310431059
2025-01-06,-0.023226311406348697,0.023404970152132706,-0.001938000622585874,-0.020484370042347252,0.014398304106840547,0.013207813135157679,0.0024408441078316314,0.012697559459373543,-0.012222866605096513,-0.007611775450600764,-0.0016939049200527488,0.007667690904888817,-0.0015783000318159485,0.005614594600941464,145.18,144.44,146.2,145.18,-0.007001195458983253,-0.009466612404253906,-0.00794689,0.4142670387464166,0.5785062579213754,0.3827039017988958,0.2790187010316585
2025-01-07,0.023404970152132706,-0.001938000622585874,-0.020484370042347252,0.014398304106840547,0.013207813135157679,0.0024408441078316314,0.012697559459373543,-0.012222866605096513,-0.007611775450600764,-0.0016939049200527488,0.007667690904888817,-0.0015783000318159485,0.005614594600941464,-0.009466612404253906,145.09,144.44,147.2,144.64,-0.003726455212828174,0.0032747402461550793,-0.00053631206,0.09091126595195836,1e-06,0.3667331188263212,0.2894277129193096
2025-01-08,-0.001938000622585874,-0.020484370042347252,0.014398304106840547,0.013207813135157679,0.0024408441078316314,0.012697559459373543,-0.012222866605096513,-0.007611775450600764,-0.0016939049200527488,0.007667690904888817,-0.0015783000318159485,0.005614594600941464,-0.009466612404253906,0.0032747402461550793,144.35,142.3,144.52,144.0,-0.004434597067865418,-0.0007081418550372444,-0.0005090741,0.492180163030691,0.7075514290617555,0.396989281119732,0.2777690074870964
2025-01-10,-0.020484370042347252,0.014398304106840547,0.013207813135157679,0.0024408441078316314,0.012697559459373543,-0.012222866605096513,-0.007611775450600764,-0.0016939049200527488,0.007667690904888817,-0.0015783000318159485,0.005614594600941464,-0.009466612404253906,0.0032747402461550793,-0.0007081418550372444,141.62,140.34,142.51,140.61,-0.02382319897327585,-0.019388601905410432,0.0022036047,0.45193774396026026,0.8760835128412097,0.3860568145005571,0.2719026838953293
2025-01-13,0.014398304106840547,0.013207813135157679,0.0024408441078316314,0.012697559459373543,-0.012222866605096513,-0.007611775450600764,-0.0016939049200527488,0.007667690904888817,-0.0015783000318159485,0.005614594600941464,-0.009466612404253906,0.0032747402461550793,-0.0007081418550372444,-0.019388601905410432,140.07,139.95,142.52,141.93,0.009343877708442161,0.03316707668171801,0.019140689,0.32459153266765006,1e-06,0.38692323528042627,0.2716693586317853
2025-01-14,0.013207813135157679,0.0024408441078316314,0.012697559459373543,-0.012222866605096513,-0.007611775450600764,-0.0016939049200527488,0.007667690904888817,-0.0015783000318159485,0.005614594600941464,-0.009466612404253906,0.0032747402461550793,-0.0007081418550372444,-0.019388601905410432,0.03316707668171801,140.98,140.54,142.62,141.6,-0.0023277970515468947,-0.011671674759989056,-0.008200046,0.29478140691844085,1e-06,0.39982641987128936,0.2618281768718085
2025-01-15,0.0024408441078316314,0.012697559459373543,-0.012222866605096513,-0.007611775450600764,-0.0016939049200527488,0.007667690904888817,-0.0015783000318159485,0.005614594600941464,-0.009466612404253906,0.0032747402461550793,-0.0007081418550372444,-0.019388601905410432,0.03316707668171801,-0.011671674759989056,142.69,141.01,143.47,142.12,0.003665589893207352,0.005993386944754247,0.004120527,0.6957312854341908,1e-06,0.44727278964665856,0.24985655429074385
2025-01-16,0.012697559459373543,-0.012222866605096513,-0.007611775450600764,-0.0016939049200527488,0.007667690904888817,-0.0015783000318159485,0.005614594600941464,-0.009466612404253906,0.0032747402461550793,-0.0007081418550372444,-0.019388601905410432,0.03316707668171801,-0.011671674759989056,0.005993386944754247,142.24,140.5,142.24,141.05,-0.007557333704820784,-0.011222923598028137,-0.000139703,0.22649718357085802,1e-06,0.4292178721062761,0.2564134957728968
2025-01-17,-0.012222866605096513,-0.007611775450600764,-0.0016939049200527488,0.007667690904888817,-0.0015783000318159485,0.005614594600941464,-0.009466612404253906,0.0032747402461550793,-0.0007081418550372444,-0.019388601905410432,0.03316707668171801,-0.011671674759989056,0.005993386944754247,-0.011222923598028137,143.41,141.47,143.41,141.75,0.004950505159856205,0.012507838864676988,0.009374654,0.6920064008272235,1e-06,0.4193910265634762,0.24212785864085642
2025-01-21,-0.007611775450600764,-0.0016939049200527488,0.007667690904888817,-0.0015783000318159485,0.005614594600941464,-0.009466612404253906,0.0032747402461550793,-0.0007081418550372444,-0.019388601905410432,0.03316707668171801,-0.011671674759989056,0.005993386944754247,-0.011222923598028137,0.012507838864676988,141.73,140.8,143.42,143.22,0.01031696697093249,0.005366461811076285,-0.004176283,0.7273795696956511,0.5625995897274314,0.4194162162892624,0.24216234128161507
2025-01-22,-0.0016939049200527488,0.007667690904888817,-0.0015783000318159485,0.005614594600941464,-0.009466612404253906,0.0032747402461550793,-0.0007081418550372444,-0.019388601905410432,0.03316707668171801,-0.011671674759989056,0.005993386944754247,-0.011222923598028137,0.012507838864676988,0.005366461811076285,142.52,142.11,143.93,142.27,-0.006655248915717774,-0.016972215886650262,-0.0062113577,0.9949142768700133,1e-06,0.46729703392284405,0.28453233191574645
2025-01-23,0.007667690904888817,-0.0015783000318159485,0.005614594600941464,-0.009466612404253906,0.0032747402461550793,-0.0007081418550372444,-0.019388601905410432,0.03316707668171801,-0.011671674759989056,0.005993386944754247,-0.011222923598028137,0.012507838864676988,0.005366461811076285,-0.016972215886650262,119.39,115.44,122.49,118.49,-0.18289809183442682,-0.17624284291870904,0.007813024,0.5896051804600018,1e-06,0.5035522456092221,0.2632037176736733
2025-01-24,-0.0015783000318159485,0.005614594600941464,-0.009466612404253906,0.0032747402461550793,-0.0007081418550372444,-0.019388601905410432,0.03316707668171801,-0.011671674759989056,0.005993386944754247,-0.011222923598028137,0.012507838864676988,0.005366461811076285,-0.016972215886650262,-0.17624284291870904,118.3,115.21,118.3,116.63,-0.015822038125689896,0.16707605370873693,0.12520316,0.16865007313703548,1e-06,0.45563916583550534,0.2583668727751662
2025-01-27,0.005614594600941464,-0.009466612404253906,0.0032747402461550793,-0.0007081418550372444,-0.019388601905410432,0.03316707668171801,-0.011671674759989056,0.005993386944754247,-0.011222923598028137,0.012507838864676988,0.005366461811076285,-0.016972215886650262,-0.17624284291870904,0.16707605370873693,115.75,115.32,118.75,117.73,0.00938733638714723,0.025209374512837127,0.024493463,0.548537219180987,1e-06,0.47942788146081344,0.24974340903549577
2025-01-28,-0.009466612404253906,0.0032747402461550793,-0.0007081418550372444,-0.019388601905410432,0.03316707668171801,-0.011671674759989056,0.005993386944754247,-0.011222923598028137,0.012507838864676988,0.005366461811076285,-0.016972215886650262,-0.17624284291870904,0.16707605370873693,0.025209374512837127,116.41,115.3,117.26,116.46,-0.01084600068113145,-0.02023333706827868,-0.0070626438,0.11596707042532949,0.523767828336835,0.45812074086645005,0.2678022980609925
2025-01-29,0.0032747402461550793,-0.0007081418550372444,-0.019388601905410432,0.03316707668171801,-0.011671674759989056,0.005993386944754247,-0.011222923598028137,0.012507838864676988,0.005366461811076285,-0.016972215886650262,-0.17624284291870904,0.16707605370873693,0.025209374512837127,-0.02023333706827868,115.55,115.5,117.95,116.89,0.003685455210705422,0.014531455891836872,0.0046631973,0.5661707732706927,1e-06,0.4920678485320739,0.24698695798318723
2025-01-30,-0.0007081418550372444,-0.019388601905410432,0.03316707668171801,-0.011671674759989056,0.005993386944754247,-0.011222923598028137,0.012507838864676988,0.005366461811076285,-0.016972215886650262,-0.17624284291870904,0.16707605370873693,0.025209374512837127,-0.02023333706827868,0.014531455891836872,117.43,116.23,118.81,118.4,0.012835400830226565,0.009149945619521142,-0.018226394,0.36814600661214747,1e-06,0.48320826593074934,0.24919732154001953
2025-01-31,-0.019388601905410432,0.03316707668171801,-0.011671674759989056,0.005993386944754247,-0.011222923598028137,0.012507838864676988,0.005366461811076285,-0.016972215886650262,-0.17624284291870904,0.16707605370873693,0.025209374512837127,-0.02023333706827868,0.014531455891836872,0.009149945619521142,122.16,122.02,124.58,122.8,0.0364882932631369,0.023652892432910334,-0.015458625,0.6080861712523065,0.1519118385656178,0.4943617250230384,0.251176618279223
2025-02-03,0.03316707668171801,-0.011671674759989056,0.005993386944754247,-0.011222923598028137,0.012507838864676988,0.005366461811076285,-0.016972215886650262,-0.17624284291870904,0.16707605370873693,0.025209374512837127,-0.02023333706827868,0.014531455891836872,0.009149945619521142,0.023652892432910334,120.89,120.48,123.44,122.92,0.0009767215492419955,-0.03551157171389491,-0.03882774,0.5925898868021048,1e-06,0.5135044646040708,0.24742716834612968
2025-02-04,-0.011671674759989056,0.005993386944754247,-0.011222923598028137,0.012507838864676988,0.005366461811076285,-0.016972215886650262,-0.17624284291870904,0.16707605370873693,0.025209374512837127,-0.02023333706827868,0.014531455891836872,0.009149945619521142,0.023652892432910334,-0.03551157171389491,122.29,120.18,122.77,121.24,-0.013761685072681377,-0.014738406621923373,0.007225262,0.6764362502118685,1e-06,0.5407655248393157,0.24244988735043305
2025-02-05,0.005993386944754247,-0.011222923598028137,0.012507838864676988,0.005366461811076285,-0.016972215886650262,-0.17624284291870904,0.16707605370873693,0.025209374512837127,-0.02023333706827868,0.014531455891836872,0.009149945619521142,0.023652892432910334,-0.03551157171389491,-0.014738406621923373,126.02,126.02,130.45,130.44,0.07314129873151629,0.08690298380419767,0.012448683,0.6749746215855653,1e-06,0.5392829059929853,0.2414909208140096
2025-02-06,-0.011222923598028137,0.012507838864676988,0.005366461811076285,-0.016972215886650262,-0.17624284291870904,0.16707605370873693,0.025209374512837127,-0.02023333706827868,0.014531455891836872,0.009149945619521142,0.023652892432910334,-0.03551157171389491,-0.014738406621923373,0.08690298380419767,129.84,128.65,131.88,131.87,0.010903237898489564,-0.06223806083302672,-0.06999779,0.6883742363896425,1e-06,0.5722741240514698,0.2265608549502653
2025-02-07,0.012507838864676988,0.005366461811076285,-0.016972215886650262,-0.17624284291870904,0.16707605370873693,0.025209374512837127,-0.02023333706827868,0.014531455891836872,0.009149945619521142,0.023652892432910334,-0.03551157171389491,-0.014738406621923373,0.08690298380419767,-0.06223806083302672,130.98,127.12,130.98,128.95,-0.02239185649225382,-0.03329509439074338,-0.0126426,0.2683302510927277,1e-06,0.5420115419275773,0.23737542457163255
2025-02-10,0.005366461811076285,-0.016972215886650262,-0.17624284291870904,0.16707605370873693,0.025209374512837127,-0.02023333706827868,0.014531455891836872,0.009149945619521142,0.023652892432910334,-0.03551157171389491,-0.014738406621923373,0.08690298380419767,-0.06223806083302672,-0.03329509439074338,129.75,129.65,132.39,132.02,0.02352869393327126,0.04592055042552508,0.008026856,0.3895334233260837,1e-06,0.517879674329751,0.23423321891100107
2025-02-11,-0.016972215886650262,-0.17624284291870904,0.16707605370873693,0.025209374512837127,-0.02023333706827868,0.014531455891836872,0.009149945619521142,0.023652892432910334,-0.03551157171389491,-0.014738406621923373,0.08690298380419767,-0.06223806083302672,-0.03329509439074338,0.04592055042552508,130.83,130.33,134.32,133.26,0.009348680873766411,-0.014180013059504847,-0.05803694,0.5406269589841564,1e-06,0.485430580195047,0.19043711377420383
2025-02-12,-0.17624284291870904,0.16707605370873693,0.025209374512837127,-0.02023333706827868,0.014531455891836872,0.009149945619521142,0.023652892432910334,-0.03551157171389491,-0.014738406621923373,0.08690298380419767,-0.06223806083302672,-0.03329509439074338,0.04592055042552508,-0.014180013059504847,131.8,130.64,133.69,131.29,-0.014893490188371893,-0.024242171062138305,-0.04070176,0.6020697077684359,0.7193937332359943,0.48632090357422086,0.19098994480481124
2025-02-13,0.16707605370873693,0.025209374512837127,-0.02023333706827868,0.014531455891836872,0.009149945619521142,0.023652892432910334,-0.03551157171389491,-0.014738406621923373,0.08690298380419767,-0.06223806083302672,-0.03329509439074338,0.04592055042552508,-0.014180013059504847,-0.024242171062138305,130.07,128.38,131.5,129.91,-0.010566713938377284,0.004326776249994609,-0.016114969,0.060128148142843105,1e-06,0.4785693375032071,0.20645121618116652
2025-02-14,0.025209374512837127,-0.02023333706827868,0.014531455891836872,0.009149945619521142,0.023652892432910334,-0.03551157171389491,-0.014738406621923373,0.08690298380419767,-0.06223806083302672,-0.03329509439074338,0.04592055042552508,-0.014180013059504847,-0.024242171062138305,0.004326776249994609,129.0,129.0,130.66,129.27,-0.004938662711784777,0.005628051226592507,0.014079668,0.5690743396722424,0.7940197709666639,0.48003627468115395,0.2070586845280715
2025-02-18,-0.02023333706827868,0.014531455891836872,0.009149945619521142,0.023652892432910334,-0.03551157171389491,-0.014738406621923373,0.08690298380419767,-0.06223806083302672,-0.03329509439074338,0.04592055042552508,-0.014180013059504847,-0.024242171062138305,0.004326776249994609,0.005628051226592507,128.31,128.0,129.98,128.33,-0.007298169039486401,-0.0023595063277016244,0.0066229217,0.6816048831126602,1e-06,0.5204389755873919,0.18451247778334035
2025-02-19,0.014531455891836872,0.009149945619521142,0.023652892432910334,-0.03551157171389491,-0.014738406621923373,0.08690298380419767,-0.06223806083302672,-0.03329509439074338,0.04592055042552508,-0.014180013059504847,-0.024242171062138305,0.004326776249994609,0.005628051226592507,-0.0023595063277016244,128.0,128.0,130.58,129.38,0.00814873935946989,0.01544690839895629,0.012915826,0.24699115561558072,0.7581846747989656,0.49764043146916964,0.1976766182593649
2025-02-20,0.009149945619521142,0.023652892432910334,-0.03551157171389491,-0.014738406621923373,0.08690298380419767,-0.06223806083302672,-0.03329509439074338,0.04592055042552508,-0.014180013059504847,-0.024242171062138305,0.004326776249994609,0.005628051226592507,-0.0023595063277016244,0.01544690839895629,128.71,128.71,131.1,129.95,0.0043959504716600695,-0.0037527888878098204,0.0010756593,0.8385325696120582,1e-06,0.5312394716834489,0.2133294124868956
2025-02-21,0.023652892432910334,-0.03551157171389491,-0.014738406621923373,0.08690298380419767,-0.06223806083302672,-0.03329509439074338,0.04592055042552508,-0.014180013059504847,-0.024242171062138305,0.004326776249994609,0.005628051226592507,-0.0023595063277016244,0.01544690839895629,-0.0037527888878098204,129.05,128.96,131.75,130.66,0.005448768325105401,0.001052817853445331,0.008236608,0.930273967071948,0.5003963116983995,0.5542528856705662,0.23818725167148264
2025-02-24,-0.03551157171389491,-0.014738406621923373,0.08690298380419767,-0.06223806083302672,-0.03329509439074338,0.04592055042552508,-0.014180013059504847,-0.024242171062138305,0.004326776249994609,0.005628051226592507,-0.0023595063277016244,0.01544690839895629,-0.0037527888878098204,0.001052817853445331,131.07,130.77,134.6,134.04,0.025539733456505582,0.02009096513140018,0.0028840923,0.4971478674800899,1e-06,0.5474355985761366,0.23837136039975199
2025-02-25,-0.014738406621923373,0.08690298380419767,-0.06223806083302672,-0.03329509439074338,0.04592055042552508,-0.014180013059504847,-0.024242171062138305,0.004326776249994609,0.005628051226592507,-0.0023595063277016244,0.01544690839895629,-0.0037527888878098204,0.001052817853445331,0.02009096513140018,133.84,130.66,134.03,131.12,-0.0220253284335351,-0.047565061890040686,-0.012140584,1.1527842540608868,0.050291459767892954,0.5814604559939236,0.28719732222708577
2025-02-26,0.08690298380419767,-0.06223806083302672,-0.03329509439074338,0.04592055042552508,-0.014180013059504847,-0.024242171062138305,0.004326776249994609,0.005628051226592507,-0.0023595063277016244,0.01544690839895629,-0.0037527888878098204,0.001052817853445331,0.02009096513140018,-0.047565061890040686,131.39,130.71,133.35,131.14,0.00015252039989927752,0.022177848833434377,0.027215296,0.8366674299173127,0.7134636227659881,0.5930099423033341,0.2944079007254006
2025-02-27,-0.06223806083302672,-0.03329509439074338,0.04592055042552508,-0.014180013059504847,-0.024242171062138305,0.004326776249994609,0.005628051226592507,-0.0023595063277016244,0.01544690839895629,-0.0037527888878098204,0.001052817853445331,0.02009096513140018,-0.047565061890040686,0.022177848833434377,130.06,129.82,132.03,130.33,-0.006195759292844555,-0.006348279692743833,0.011471135,0.39719647137466346,1e-06,0.5722115305165499,0.29742234770344833
2025-02-28,-0.03329509439074338,0.04592055042552508,-0.014180013059504847,-0.024242171062138305,0.004326776249994609,0.005628051226592507,-0.0023595063277016244,0.01544690839895629,-0.0037527888878098204,0.001052817853445331,0.02009096513140018,-0.047565061890040686,0.022177848833434377,-0.006348279692743833,130.5,128.0,130.64,129.02,-0.010102264438532581,-0.003906505145688026,0.008977976,0.5379773131360778,1e-06,0.5914720349482179,0.28468812883527916
2025-03-03,0.04592055042552508,-0.014180013059504847,-0.024242171062138305,0.004326776249994609,0.005628051226592507,-0.0023595063277016244,0.01544690839895629,-0.0037527888878098204,0.001052817853445331,0.02009096513140018,-0.047565061890040686,0.022177848833434377,-0.006348279692743833,-0.003906505145688026,129.4,128.79,131.56,128.92,-0.0007753741568584995,0.009326890281674083,0.011402286,0.4463100196827192,1e-06,0.595527506116549,0.2819817030424038
2025-03-04,-0.014180013059504847,-0.024242171062138305,0.004326776249994609,0.005628051226592507,-0.0023595063277016244,0.01544690839895629,-0.0037527888878098204,0.001052817853445331,0.02009096513140018,-0.047565061890040686,0.022177848833434377,-0.006348279692743833,-0.003906505145688026,0.009326890281674083,129.08,128.81,133.28,131.82,0.022245298677337037,0.023020672834195538,0.002701416,0.5377242530085994,1e-06,0.5953201699754379,0.2820262392617445
2025-03-05,-0.024242171062138305,0.004326776249994609,0.005628051226592507,-0.0023595063277016244,0.01544690839895629,-0.0037527888878098204,0.001052817853445331,0.02009096513140018,-0.047565061890040686,0.022177848833434377,-0.006348279692743833,-0.003906505145688026,0.009326890281674083,0.023020672834195538,131.28,131.28,134.45,134.04,0.01670090724453601,-0.005544391432801027,-0.019108944,0.8756728303552668,0.33535252666147797,0.6148632501602115,0.2918389183430984
2025-03-06,0.004326776249994609,0.005628051226592507,-0.0023595063277016244,0.01544690839895629,-0.0037527888878098204,0.001052817853445331,0.02009096513140018,-0.047565061890040686,0.022177848833434377,-0.006348279692743833,-0.003906505145688026,0.009326890281674083,0.023020672834195538,-0.005544391432801027,132.76,132.53,137.44,136.81,0.020454839062913267,0.003753931818377257,-0.011697507,0.6820675327793535,1e-06,0.6592874919199623,0.24437763997941878
2025-03-07,0.005628051226592507,-0.0023595063277016244,0.01544690839895629,-0.0037527888878098204,0.001052817853445331,0.02009096513140018,-0.047565061890040686,0.022177848833434377,-0.006348279692743833,-0.003906505145688026,0.009326890281674083,0.023020672834195538,-0.005544391432801027,0.003753931818377257,136.27,135.16,140.07,140.03,0.023263583435663208,0.0028087443727499405,-0.011594264,0.4415904125505074,1e-06,0.6501814971255525,0.25030110168103475
2025-03-10,-0.0023595063277016244,0.01544690839895629,-0.0037527888878098204,0.001052817853445331,0.02009096513140018,-0.047565061890040686,0.022177848833434377,-0.006348279692743833,-0.003906505145688026,0.009326890281674083,0.023020672834195538,-0.005544391432801027,0.003753931818377257,0.0028087443727499405,140.47,139.15,142.92,140.47,0.0031372574751328736,-0.020126325960530333,-0.008937979,0.9979358516914109,1e-06,0.672776566309749,0.2670719409488038
2025-03-11,0.01544690839895629,-0.0037527888878098204,0.001052817853445331,0.02009096513140018,-0.047565061890040686,0.022177848833434377,-0.006348279692743833,-0.003906505145688026,0.009326890281674083,0.023020672834195538,-0.005544391432801027,0.003753931818377257,0.0028087443727499405,-0.020126325960530333,139.47,136.12,139.52,137.79,-0.019263155837006548,-0.022400413312139423,0.0075544855,0.3497543643699439,1e-06,0.6801167955064892,0.25563680709296077
2025-03-12,-0.0037527888878098204,0.001052817853445331,0.02009096513140018,-0.047565061890040686,0.022177848833434377,-0.006348279692743833,-0.003906505145688026,0.009326890281674083,0.023020672834195538,-0.005544391432801027,0.003753931818377257,0.0028087443727499405,-0.020126325960530333,-0.022400413312139423,136.75,135.67,137.72,136.13,-0.012120475481429777,0.007142680355576771,0.031245496,0.37237028892551194,1e-06,0.6468194897431644,0.2636493460379156
2025-03-13,0.001052817853445331,0.02009096513140018,-0.047565061890040686,0.022177848833434377,-0.006348279692743833,-0.003906505145688026,0.009326890281674083,0.023020672834195538,-0.005544391432801027,0.003753931818377257,0.0028087443727499405,-0.020126325960530333,-0.022400413312139423,0.007142680355576771,134.57,134.57,138.24,137.62,0.010885952249952334,0.02300642773138211,0.016814962,0.15241657567226774,1e-06,0.5912582475003302,0.28072869292815994
2025-03-14,0.02009096513140018,-0.047565061890040686,0.022177848833434377,-0.006348279692743833,-0.003906505145688026,0.009326890281674083,0.023020672834195538,-0.005544391432801027,0.003753931818377257,0.0028087443727499405,-0.020126325960530333,-0.022400413312139423,0.007142680355576771,0.02300642773138211,138.29,137.5,139.19,138.97,0.009761818724157052,-0.0011241335257952817,-0.0061846245,0.6832307058413701,1e-06,0.6045498788118502,0.28033504849840385
2025-03-17,-0.047565061890040686,0.022177848833434377,-0.006348279692743833,-0.003906505145688026,0.009326890281674083,0.023020672834195538,-0.005544391432801027,0.003753931818377257,0.0028087443727499405,-0.020126325960530333,-0.022400413312139423,0.007142680355576771,0.02300642773138211,-0.0011241335257952817,138.96,138.41,143.29,142.49,0.025013739309207108,0.015251920585050056,-0.0048754434,0.4825117298671808,1e-06,0.5566732699408712,0.23269038797562094
2025-03-18,0.022177848833434377,-0.006348279692743833,-0.003906505145688026,0.009326890281674083,0.023020672834195538,-0.005544391432801027,0.003753931818377257,0.0028087443727499405,-0.020126325960530333,-0.022400413312139423,0.007142680355576771,0.02300642773138211,-0.0011241335257952817,0.015251920585050056,141.02,140.73,143.31,141.73,-0.005347982628883312,-0.03036172193809042,-0.019650955,0.8414480744572175,1e-06,0.5570147445508643,0.2331359695260169
2025-03-19,-0.006348279692743833,-0.003906505145688026,0.009326890281674083,0.023020672834195538,-0.005544391432801027,0.003753931818377257,0.0028087443727499405,-0.020126325960530333,-0.022400413312139423,0.007142680355576771,0.02300642773138211,-0.0011241335257952817,0.015251920585050056,-0.03036172193809042,141.1,141.1,142.65,141.9,0.0011987449871832762,0.006546727616066588,0.010889041,0.2440265150319123,1e-06,0.5460740333835249,0.24452857420781535
2025-03-20,-0.003906505145688026,0.009326890281674083,0.023020672834195538,-0.005544391432801027,0.003753931818377257,0.0028087443727499405,-0.020126325960530333,-0.022400413312139423,0.007142680355576771,0.02300642773138211,-0.0011241335257952817,0.015251920585050056,-0.03036172193809042,0.006546727616066588,141.1,141.0,143.64,143.38,0.010375864258729302,0.009177119271546026,0.008160211,0.7074604033140056,1e-06,0.5581799683962341,0.24826368722024908
2025-03-21,0.009326890281674083,0.023020672834195538,-0.005544391432801027,0.003753931818377257,0.0028087443727499405,-0.020126325960530333,-0.022400413312139423,0.007142680355576771,0.02300642773138211,-0.0011241335257952817,0.015251920585050056,-0.03036172193809042,0.006546727616066588,0.009177119271546026,141.26,140.97,145.2,144.59,0.008403702615308989,-0.0019721616434203136,0.003227098,0.35196561142445776,1e-06,0.5514410820920727,0.2527733643547651
2025-03-24,0.023020672834195538,-0.005544391432801027,0.003753931818377257,0.0028087443727499405,-0.020126325960530333,-0.022400413312139423,0.007142680355576771,0.02300642773138211,-0.0011241335257952817,0.015251920585050056,-0.03036172193809042,0.006546727616066588,0.009177119271546026,-0.0019721616434203136,144.89,143.31,145.0,144.42,-0.0011764300169992874,-0.009580132632308277,0.008436778,0.12725811203788964,1e-06,0.5221220720227362,0.27711916878672505
2025-03-25,-0.005544391432801027,0.003753931818377257,0.0028087443727499405,-0.020126325960530333,-0.022400413312139423,0.007142680355576771,0.02300642773138211,-0.0011241335257952817,0.015251920585050056,-0.03036172193809042,0.006546727616066588,0.009177119271546026,-0.0019721616434203136,-0.009580132632308277,144.36,143.5,146.39,144.48,0.00041536864563985673,0.0015917986626391442,0.016960192,0.531923495751067,1e-06,0.49756854812243617,0.25794947476414376
2025-03-26,0.003753931818377257,0.0028087443727499405,-0.020126325960530333,-0.022400413312139423,0.007142680355576771,0.02300642773138211,-0.0011241335257952817,0.015251920585050056,-0.03036172193809042,0.006546727616066588,0.009177119271546026,-0.0019721616434203136,-0.009580132632308277,0.0015917986626391442,144.59,143.82,146.29,145.28,0.005521825184308168,0.005106456538668311,0.011813963,0.1293537845993206,1e-06,0.4580889946810053,0.2695743731660269
2025-03-27,0.0028087443727499405,-0.020126325960530333,-0.022400413312139423,0.007142680355576771,0.02300642773138211,-0.0011241335257952817,0.015251920585050056,-0.03036172193809042,0.006546727616066588,0.009177119271546026,-0.0019721616434203136,-0.009580132632308277,0.0015917986626391442,0.005106456538668311,144.0,144.0,146.26,145.29,6.883023026451342e-05,-0.005452994954043654,0.003210516,0.9723021096123466,1e-06,0.49599697304256524,0.30239291448617495
2025-03-28,-0.020126325960530333,-0.022400413312139423,0.007142680355576771,0.02300642773138211,-0.0011241335257952817,0.015251920585050056,-0.03036172193809042,0.006546727616066588,0.009177119271546026,-0.0019721616434203136,-0.009580132632308277,0.0015917986626391442,0.005106456538668311,-0.005452994954043654,144.47,144.0,145.67,144.27,-0.007045201125566148,-0.007114031355830662,0.006944845,0.3440294846908796,1e-06,0.4492893753996702,0.2673730116464251
2025-03-31,-0.022400413312139423,0.007142680355576771,0.02300642773138211,-0.0011241335257952817,0.015251920585050056,-0.03036172193809042,0.006546727616066588,0.009177119271546026,-0.0019721616434203136,-0.009580132632308277,0.0015917986626391442,0.005106456538668311,-0.005452994954043654,-0.007114031355830662,143.53,142.94,144.66,144.6,0.002284765766983502,0.00932996689254965,0.011748654,0.5793554975635065,1e-06,0.4656894563420675,0.26783932557019235
2025-04-01,0.007142680355576771,0.02300642773138211,-0.0011241335257952817,0.015251920585050056,-0.03036172193809042,0.006546727616066588,0.009177119271546026,-0.0019721616434203136,-0.009580132632308277,0.0015917986626391442,0.005106456538668311,-0.005452994954043654,-0.007114031355830662,0.00932996689254965,144.11,143.61,145.69,145.63,0.007097848769824877,0.004813083002841375,0.003718327,0.6050352379710526,1e-06,0.4823083812738918,0.2688200563019893
2025-04-02,0.02300642773138211,-0.0011241335257952817,0.015251920585050056,-0.03036172193809042,0.006546727616066588,0.009177119271546026,-0.0019721616434203136,-0.009580132632308277,0.0015917986626391442,0.005106456538668311,-0.005452994954043654,-0.007114031355830662,0.00932996689254965,0.004813083002841375,144.39,143.21,145.29,144.9,-0.005025309167852019,-0.012123157937676897,0.002324233,0.20756935176731064,1e-06,0.4862478652806806,0.26397414677671377
2025-04-03,-0.0011241335257952817,0.015251920585050056,-0.03036172193809042,0.006546727616066588,0.009177119271546026,-0.0019721616434203136,-0.009580132632308277,0.0015917986626391442,0.005106456538668311,-0.005452994954043654,-0.007114031355830662,0.00932996689254965,0.004813083002841375,-0.012123157937676897,144.1,143.22,146.59,144.91,6.901073119634565e-05,0.005094319899048365,0.014304647,0.35803549234674853,1e-06,0.4630196357453505,0.2595785069032504
2025-04-04,0.015251920585050056,-0.03036172193809042,0.006546727616066588,0.009177119271546026,-0.0019721616434203136,-0.009580132632308277,0.0015917986626391442,0.005106456538668311,-0.005452994954043654,-0.007114031355830662,0.00932996689254965,0.004813083002841375,-0.012123157937676897,0.005094319899048365,144.11,135.0,144.3,135.4,-0.06787949957965787,-0.06794851031085422,0.009635052,0.6496909623206295,0.22060157067470998,0.47496100949202535,0.264345768459866
2025-04-07,-0.03036172193809042,0.006546727616066588,0.009177119271546026,-0.0019721616434203136,-0.009580132632308277,0.0015917986626391442,0.005106456538668311,-0.005452994954043654,-0.007114031355830662,0.00932996689254965,0.004813083002841375,-0.012123157937676897,0.005094319899048365,-0.06794851031085422,133.41,130.51,136.49,134.24,-0.008604117759278303,0.05927538182037957,0.065371715,0.16819281551552134,1e-06,0.4268713481390471,0.2535653834018523
2025-04-08,0.006546727616066588,0.009177119271546026,-0.0019721616434203136,-0.009580132632308277,0.0015917986626391442,0.005106456538668311,-0.005452994954043654,-0.007114031355830662,0.00932996689254965,0.004813083002841375,-0.012123157937676897,0.005094319899048365,-0.06794851031085422,0.05927538182037957,134.31,130.59,136.75,132.34,-0.01425487413498249,-0.005650756375704186,0.008627788,0.4892533146081512,1e-06,0.4443875481087784,0.24837999465207317
2025-04-09,0.009177119271546026,-0.0019721616434203136,-0.009580132632308277,0.0015917986626391442,0.005106456538668311,-0.005452994954043654,-0.007114031355830662,0.00932996689254965,0.004813083002841375,-0.012123157937676897,0.005094319899048365,-0.06794851031085422,0.05927538182037957,-0.005650756375704186,130.89,130.89,140.19,136.36,0.029924078685789213,0.0441789528207717,0.01439562,0.2637346936226154,1e-06,0.4126928545593934,0.2404112596498001
2025-04-10,-0.0019721616434203136,-0.009580132632308277,0.0015917986626391442,0.005106456538668311,-0.005452994954043654,-0.007114031355830662,0.00932996689254965,0.004813083002841375,-0.012123157937676897,0.005094319899048365,-0.06794851031085422,0.05927538182037957,-0.005650756375704186,0.0441789528207717,136.4,134.83,141.11,139.09,0.01982275834933658,-0.010101320336452634,-0.022466145,0.5959117434174099,1e-06,0.4301175782731757,0.24447732759246907
2025-04-11,-0.009580132632308277,0.0015917986626391442,0.005106456538668311,-0.005452994954043654,-0.007114031355830662,0.00932996689254965,0.004813083002841375,-0.012123157937676897,0.005094319899048365,-0.06794851031085422,0.05927538182037957,-0.005650756375704186,0.0441789528207717,-0.010101320336452634,138.87,137.31,143.33,142.39,0.02344856617386447,0.0036258078245278887,-0.0164006,0.48957692982033657,1e-06,0.4559974938290648,0.22861353112544588
2025-04-14,0.0015917986626391442,0.005106456538668311,-0.005452994954043654,-0.007114031355830662,0.00932996689254965,0.004813083002841375,-0.012123157937676897,0.005094319899048365,-0.06794851031085422,0.05927538182037957,-0.005650756375704186,0.0441789528207717,-0.010101320336452634,0.0036258078245278887,142.0,142.0,146.13,145.38,0.02078123226358644,-0.0026673339102780275,-0.014065145,0.9381214402425052,1e-06,0.4850116327213104,0.2622868606251234
2025-04-15,0.005106456538668311,-0.005452994954043654,-0.007114031355830662,0.00932996689254965,0.004813083002841375,-0.012123157937676897,0.005094319899048365,-0.06794851031085422,0.05927538182037957,-0.005650756375704186,0.0441789528207717,-0.010101320336452634,0.0036258078245278887,-0.0026673339102780275,145.2,144.24,146.03,145.52,0.0009625301533777852,-0.019818702110208655,-0.0096593425,0.2719566985097695,1e-06,0.49519755514348535,0.2498883631018566
2025-04-16,-0.005452994954043654,-0.007114031355830662,0.00932996689254965,0.004813083002841375,-0.012123157937676897,0.005094319899048365,-0.06794851031085422,0.05927538182037957,-0.005650756375704186,0.0441789528207717,-0.010101320336452634,0.0036258078245278887,-0.0026673339102780275,-0.019818702110208655,145.2,142.26,145.33,143.01,-0.017398976325022728,-0.018361506478400513,0.010608299,0.6255750216749374,1e-06,0.47043133457652747,0.2134977806633456
2025-04-17,-0.007114031355830662,0.00932996689254965,0.004813083002841375,-0.012123157937676897,0.005094319899048365,-0.06794851031085422,0.05927538182037957,-0.005650756375704186,0.0441789528207717,-0.010101320336452634,0.0036258078245278887,-0.0026673339102780275,-0.019818702110208655,-0.018361506478400513,143.0,142.3,146.01,145.52,0.017398976325023182,0.03479795265004591,0.025668545,0.5881184644287072,1e-06,0.487866261700658,0.21234480121347277
2025-04-21,0.00932996689254965,0.004813083002841375,-0.012123157937676897,0.005094319899048365,-0.06794851031085422,0.05927538182037957,-0.005650756375704186,0.0441789528207717,-0.010101320336452634,0.0036258078245278887,-0.0026673339102780275,-0.019818702110208655,-0.018361506478400513,0.03479795265004591,143.09,140.78,144.44,141.65,-0.02695430793334105,-0.04435328425836423,-0.013450962,0.3742510765487568,1e-06,0.47321594591389016,0.21262234040524763
2025-04-22,0.004813083002841375,-0.012123157937676897,0.005094319899048365,-0.06794851031085422,0.05927538182037957,-0.005650756375704186,0.0441789528207717,-0.010101320336452634,0.0036258078245278887,-0.0026673339102780275,-0.019818702110208655,-0.018361506478400513,0.03479795265004591,-0.04435328425836423,142.64,142.3,146.68,145.86,0.029288031279561793,0.056242339212902843,0.02532003,0.41160855271481306,1e-06,0.45939975410987305,0.2096616505535827
2025-04-23,-0.012123157937676897,0.005094319899048365,-0.06794851031085422,0.05927538182037957,-0.005650756375704186,0.0441789528207717,-0.010101320336452634,0.0036258078245278887,-0.0026673339102780275,-0.019818702110208655,-0.018361506478400513,0.03479795265004591,-0.04435328425836423,0.056242339212902843,145.02,141.56,145.4,143.75,-0.014571577878627088,-0.04385960915818888,-0.029840657,0.5312520826497527,1e-06,0.4825199491729046,0.19723369542892194
2025-04-24,0.005094319899048365,-0.06794851031085422,0.05927538182037957,-0.005650756375704186,0.0441789528207717,-0.010101320336452634,0.0036258078245278887,-0.0026673339102780275,-0.019818702110208655,-0.018361506478400513,0.03479795265004591,-0.04435328425836423,0.056242339212902843,-0.04385960915818888,142.83,142.83,146.58,146.13,0.016420956809101307,0.030992534687728397,0.0079588145,0.5930051013673107,1e-06,0.4993034926743733,0.19581813858246747
2025-04-25,-0.06794851031085422,0.05927538182037957,-0.005650756375704186,0.0441789528207717,-0.010101320336452634,0.0036258078245278887,-0.0026673339102780275,-0.019818702110208655,-0.018361506478400513,0.03479795265004591,-0.04435328425836423,0.056242339212902843,-0.04385960915818888,0.030992534687728397,146.21,144.48,146.88,146.62,0.0033475693088799276,-0.01307338750022138,-0.018255964,0.8637011444258214,0.650132128659768,0.5145899342533156,0.2157953923372872
2025-04-28,0.05927538182037957,-0.005650756375704186,0.0441789528207717,-0.010101320336452634,0.0036258078245278887,-0.0026673339102780275,-0.019818702110208655,-0.018361506478400513,0.03479795265004591,-0.04435328425836423,0.056242339212902843,-0.04385960915818888,0.030992534687728397,-0.01307338750022138,145.64,145.32,147.17,146.72,0.0006818027127143646,-0.002665766596165563,-0.00032808215,0.8622897738789086,1e-06,0.564168288422129,0.2097382063024557
2025-04-29,-0.005650756375704186,0.0441789528207717,-0.010101320336452634,0.0036258078245278887,-0.0026673339102780275,-0.019818702110208655,-0.018361506478400513,0.03479795265004591,-0.04435328425836423,0.056242339212902843,-0.04385960915818888,0.030992534687728397,-0.01307338750022138,-0.002665766596165563,145.87,145.12,147.09,145.94,-0.005330430170680436,-0.0060122328833948,0.010844314,0.5276769716722668,1e-06,0.5669128353552801,0.20893234178060585
2025-04-30,0.0441789528207717,-0.010101320336452634,0.0036258078245278887,-0.0026673339102780275,-0.019818702110208655,-0.018361506478400513,0.03479795265004591,-0.04435328425836423,0.056242339212902843,-0.04385960915818888,0.030992534687728397,-0.01307338750022138,-0.002665766596165563,-0.0060122328833948,144.41,142.9,145.49,144.94,-0.0068757146563384565,-0.0015452844856580208,0.021488996,0.5703283603568814,0.7883594327117838,0.5888123829791564,0.18991208944500937
2025-05-01,-0.010101320336452634,0.0036258078245278887,-0.0026673339102780275,-0.019818702110208655,-0.018361506478400513,0.03479795265004591,-0.04435328425836423,0.056242339212902843,-0.04385960915818888,0.030992534687728397,-0.01307338750022138,-0.002665766596165563,-0.0060122328833948,-0.0015452844856580208,143.35,143.17,146.76,145.0,0.00041387873943930114,0.007289593395777757,0.021624237,0.6196178497029194,1e-06,0.5905056762852642,0.1900858625415509
2025-05-02,0.0036258078245278887,-0.0026673339102780275,-0.019818702110208655,-0.018361506478400513,0.03479795265004591,-0.04435328425836423,0.056242339212902843,-0.04385960915818888,0.030992534687728397,-0.01307338750022138,-0.002665766596165563,-0.0060122328833948,-0.0015452844856580208,0.007289593395777757,150.22,149.11,154.75,151.22,0.04200198770954969,0.041588108970110386,0.0138446735,1.3175465874709444,1e-06,0.6496463661174505,0.26878064186780437
2025-05-05,-0.0026673339102780275,-0.019818702110208655,-0.018361506478400513,0.03479795265004591,-0.04435328425836423,0.056242339212902843,-0.04385960915818888,0.030992534687728397,-0.01307338750022138,-0.002665766596165563,-0.0060122328833948,-0.0015452844856580208,0.007289593395777757,0.041588108970110386,151.01,150.4,155.29,154.9,0.024044017292699293,-0.017957970416850395,-0.030184472,0.6258443674641317,1e-06,0.6273408609189952,0.2556353478079389
2025-05-06,-0.019818702110208655,-0.018361506478400513,0.03479795265004591,-0.04435328425836423,0.056242339212902843,-0.04385960915818888,0.030992534687728397,-0.01307338750022138,-0.002665766596165563,-0.0060122328833948,-0.0015452844856580208,0.007289593395777757,0.041588108970110386,-0.017957970416850395,153.0,153.0,155.75,154.74,-0.0010334583015143258,-0.025077475594213618,-0.010846045,1.0980811993851853,0.7510977194244566,0.6863497538386677,0.2625455967421512
2025-05-07,-0.018361506478400513,0.03479795265004591,-0.04435328425836423,0.056242339212902843,-0.04385960915818888,0.030992534687728397,-0.01307338750022138,-0.002665766596165563,-0.0060122328833948,-0.0015452844856580208,0.007289593395777757,0.041588108970110386,-0.017957970416850395,-0.025077475594213618,158.17,153.57,159.88,155.46,0.004642174680765495,0.005675632982279821,0.009773586,1.1699562356972228,1e-06,0.725234126268831,0.2915616063873197
2025-05-08,0.03479795265004591,-0.04435328425836423,0.056242339212902843,-0.04385960915818888,0.030992534687728397,-0.01307338750022138,-0.002665766596165563,-0.0060122328833948,-0.0015452844856580208,0.007289593395777757,0.041588108970110386,-0.017957970416850395,-0.025077475594213618,0.005675632982279821,154.36,153.04,156.64,155.61,0.0009644132293451727,-0.003677761451420322,0.0065889247,0.28428258132735307,1e-06,0.7035315631901629,0.31306791558515734
2025-05-09,-0.04435328425836423,0.056242339212902843,-0.04385960915818888,0.030992534687728397,-0.01307338750022138,-0.002665766596165563,-0.0060122328833948,-0.0015452844856580208,0.007289593395777757,0.041588108970110386,-0.017957970416850395,-0.025077475594213618,0.005675632982279821,-0.003677761451420322,155.02,153.19,155.6,153.51,-0.013587165546308289,-0.01455157877565346,0.007906546,0.11277330537420083,1e-06,0.6848545795348375,0.34079497798206454
2025-05-12,0.056242339212902843,-0.04385960915818888,0.030992534687728397,-0.01307338750022138,-0.002665766596165563,-0.0060122328833948,-0.0015452844856580208,0.007289593395777757,0.041588108970110386,-0.017957970416850395,-0.025077475594213618,0.005675632982279821,-0.003677761451420322,-0.01455157877565346,152.0,148.21,152.0,149.11,-0.0290814228822937,-0.01549425733598541,0.021215608,0.29279449743754965,0.8868599249826298,0.6763678613007472,0.3494914103294806
2025-05-13,-0.04385960915818888,0.030992534687728397,-0.01307338750022138,-0.002665766596165563,-0.0060122328833948,-0.0015452844856580208,0.007289593395777757,0.041588108970110386,-0.017957970416850395,-0.025077475594213618,0.005675632982279821,-0.003677761451420322,-0.01455157877565346,-0.01549425733598541,148.28,148.25,150.32,149.12,6.70623344651011e-05,0.0291484852167588,0.03398674,0.10712472677438531,1e-06,0.6460730501667925,0.38008151913788235
2025-05-14,0.030992534687728397,-0.01307338750022138,-0.002665766596165563,-0.0060122328833948,-0.0015452844856580208,0.007289593395777757,0.041588108970110386,-0.017957970416850395,-0.025077475594213618,0.005675632982279821,-0.003677761451420322,-0.01455157877565346,-0.01549425733598541,0.0291484852167588,148.08,146.51,148.78,147.15,-0.01329887625779904,-0.013365938592264141,-0.00044583282,0.6504366483551719,1e-06,0.6501753035230682,0.3797745009582423
2025-05-15,-0.01307338750022138,-0.002665766596165563,-0.0060122328833948,-0.0015452844856580208,0.007289593395777757,0.041588108970110386,-0.017957970416850395,-0.025077475594213618,0.005675632982279821,-0.003677761451420322,-0.01455157877565346,-0.01549425733598541,0.0291484852167588,-0.013365938592264141,148.14,147.56,150.56,149.44,0.015442499801050951,0.028741376058849993,0.014091082,0.7436021012066308,1e-06,0.6415968004359832,0.37591710852815874
2025-05-16,-0.002665766596165563,-0.0060122328833948,-0.0015452844856580208,0.007289593395777757,0.041588108970110386,-0.017957970416850395,-0.025077475594213618,0.005675632982279821,-0.003677761451420322,-0.01455157877565346,-0.01549425733598541,0.0291484852167588,-0.013365938592264141,0.028741376058849993,149.57,148.59,151.39,150.98,0.010252403230946401,-0.00519009657010455,-0.010645922,0.44351781198539286,1e-06,0.6116845174435893,0.3736597808784102
2025-05-19,-0.0060122328833948,-0.0015452844856580208,0.007289593395777757,0.041588108970110386,-0.017957970416850395,-0.025077475594213618,0.005675632982279821,-0.003677761451420322,-0.01455157877565346,-0.01549425733598541,0.0291484852167588,-0.013365938592264141,0.028741376058849993,-0.00519009657010455,148.07,148.07,152.07,150.26,-0.004780250770464039,-0.01503265400141044,-0.0033426485,0.5420189498460694,0.28966223701846594,0.6127089444560037,0.37343133909643456
2025-05-20,-0.0015452844856580208,0.007289593395777757,0.041588108970110386,-0.017957970416850395,-0.025077475594213618,0.005675632982279821,-0.003677761451420322,-0.01455157877565346,-0.01549425733598541,0.0291484852167588,-0.013365938592264141,0.028741376058849993,-0.00519009657010455,-0.01503265400141044,149.94,149.42,151.87,151.81,0.010262612003609608,0.015042862774073646,0.0107910065,0.964234917848376,1e-06,0.6408451271339676,0.38466308079557665
2025-05-21,0.007289593395777757,0.041588108970110386,-0.017957970416850395,-0.025077475594213618,0.005675632982279821,-0.003677761451420322,-0.01455157877565346,-0.01549425733598541,0.0291484852167588,-0.013365938592264141,0.028741376058849993,-0.00519009657010455,-0.01503265400141044,0.015042862774073646,150.37,150.11,151.47,150.51,-0.008600211780352295,-0.018862823783961903,0.0028512608,0.4681579343485627,1e-06,0.6300265617515135,0.3874259834720556
2025-05-22,0.041588108970110386,-0.017957970416850395,-0.025077475594213618,0.005675632982279821,-0.003677761451420322,-0.01455157877565346,-0.01549425733598541,0.0291484852167588,-0.013365938592264141,0.028741376058849993,-0.00519009657010455,-0.01503265400141044,0.015042862774073646,-0.018862823783961903,150.78,146.3,150.78,146.49,-0.027072360422592364,-0.018472148642240067,0.019631771,0.6420165356810599,0.5429192695647367,0.5817744151950931,0.333530047469849
2025-05-23,-0.017957970416850395,-0.025077475594213618,0.005675632982279821,-0.003677761451420322,-0.01455157877565346,-0.01549425733598541,0.0291484852167588,-0.013365938592264141,0.028741376058849993,-0.00519009657010455,-0.01503265400141044,0.015042862774073646,-0.018862823783961903,-0.018472148642240067,146.56,145.78,147.89,146.85,0.002454490902950688,0.02952685132554305,0.03666096,0.6237901987765231,1e-06,0.5816276888602641,0.33350962012701296
2025-05-27,-0.025077475594213618,0.005675632982279821,-0.003677761451420322,-0.01455157877565346,-0.01549425733598541,0.0291484852167588,-0.013365938592264141,0.028741376058849993,-0.00519009657010455,-0.01503265400141044,0.015042862774073646,-0.018862823783961903,-0.018472148642240067,0.02952685132554305,147.51,146.16,147.6,146.85,2.2204460492503128e-16,-0.002454490902950466,-0.0030610396,0.08925660381229533,1e-06,0.5095687891764862,0.32213028107981917
2025-05-28,0.005675632982279821,-0.003677761451420322,-0.01455157877565346,-0.01549425733598541,0.0291484852167588,-0.013365938592264141,0.028741376058849993,-0.00519009657010455,-0.01503265400141044,0.015042862774073646,-0.018862823783961903,-0.018472148642240067,0.02952685132554305,-0.002454490902950466,146.51,146.31,147.68,146.8,-0.00034054146421355164,-0.0003405414642137737,0.0004933426,0.519348223119696,1e-06,0.4630967882780914,0.2605809981135923
2025-05-29,-0.003677761451420322,-0.01455157877565346,-0.01549425733598541,0.0291484852167588,-0.013365938592264141,0.028741376058849993,-0.00519009657010455,-0.01503265400141044,0.015042862774073646,-0.018862823783961903,-0.018472148642240067,0.02952685132554305,-0.002454490902950466,-0.0003405414642137737,145.5,141.15,145.68,142.58,-0.029167870490932526,-0.028827329026718973,-0.0043482385,0.6279276103055724,0.05394055678007006,0.4876428617765356,0.2586193339575708
2025-05-30,-0.01455157877565346,-0.01549425733598541,0.0291484852167588,-0.013365938592264141,0.028741376058849993,-0.00519009657010455,-0.01503265400141044,0.015042862774073646,-0.018862823783961903,-0.018472148642240067,0.02952685132554305,-0.002454490902950466,-0.0003405414642137737,-0.028827329026718973,142.44,141.09,143.84,143.48,0.0062924069745994345,0.03546027746553196,0.023330554,0.20526553672820239,1e-06,0.4942494497303928,0.24932064464170642
2025-06-02,-0.01549425733598541,0.0291484852167588,-0.013365938592264141,0.028741376058849993,-0.00519009657010455,-0.01503265400141044,0.015042862774073646,-0.018862823783961903,-0.018472148642240067,0.02952685132554305,-0.002454490902950466,-0.0003405414642137737,-0.028827329026718973,0.03546027746553196,143.42,143.42,146.14,145.8,0.01604016691047629,0.009747759935876855,-0.011149288,0.49293420963095574,0.15054388353365655,0.5085451434584932,0.2425262374393098
2025-06-03,0.0291484852167588,-0.013365938592264141,0.028741376058849993,-0.00519009657010455,-0.01503265400141044,0.015042862774073646,-0.018862823783961903,-0.018472148642240067,0.02952685132554305,-0.002454490902950466,-0.0003405414642137737,-0.028827329026718973,0.03546027746553196,0.009747759935876855,145.37,144.5,146.2,146.1,0.002055499182096181,-0.013984667728380109,-0.013086901,0.8441201534474463,1e-06,0.5611876739351405,0.22825788691278148
2025-06-04,-0.013365938592264141,0.028741376058849993,-0.00519009657010455,-0.01503265400141044,0.015042862774073646,-0.018862823783961903,-0.018472148642240067,0.02952685132554305,-0.002454490902950466,-0.0003405414642137737,-0.028827329026718973,0.03546027746553196,0.009747759935876855,-0.013984667728380109,145.74,145.57,148.87,148.44,0.0158895174357432,0.01383401825364702,0.002446552,0.8149295589221104,1e-06,0.5729371675470647,0.23726137397593747
2025-06-05,0.028741376058849993,-0.00519009657010455,-0.01503265400141044,0.015042862774073646,-0.018862823783961903,-0.018472148642240067,0.02952685132554305,-0.002454490902950466,-0.0003405414642137737,-0.028827329026718973,0.03546027746553196,0.009747759935876855,-0.013984667728380109,0.01383401825364702,148.0,146.63,148.72,147.73,-0.004794552858879965,-0.020684070294623165,-0.0067300694,1.0714383932735587,1e-06,0.5963540455518451,0.26940226207794365
2025-06-06,-0.00519009657010455,-0.01503265400141044,0.015042862774073646,-0.018862823783961903,-0.018472148642240067,0.02952685132554305,-0.002454490902950466,-0.0003405414642137737,-0.028827329026718973,0.03546027746553196,0.009747759935876855,-0.013984667728380109,0.01383401825364702,-0.020684070294623165,148.06,148.06,150.8,149.08,0.009096791277541302,0.013891344136421267,0.0095401015,0.6533096329251631,1e-06,0.6113391756189717,0.2660609807896458
2025-06-09,-0.01503265400141044,0.015042862774073646,-0.018862823783961903,-0.018472148642240067,0.02952685132554305,-0.002454490902950466,-0.0003405414642137737,-0.028827329026718973,0.03546027746553196,0.009747759935876855,-0.013984667728380109,0.01383401825364702,-0.020684070294623165,0.013891344136421267,148.98,146.0,149.01,146.86,-0.015003322587592979,-0.024100113865134283,-0.0019351067,0.3460037588450874,0.9789041230935118,0.597338090547473,0.27499691687958144
2025-06-10,0.015042862774073646,-0.018862823783961903,-0.018472148642240067,0.02952685132554305,-0.002454490902950466,-0.0003405414642137737,-0.028827329026718973,0.03546027746553196,0.009747759935876855,-0.013984667728380109,0.01383401825364702,-0.020684070294623165,0.013891344136421267,-0.024100113865134283,147.07,145.37,147.98,147.07,0.0014289118887581029,0.01643223447635108,0.014667331,0.6984682274600982,0.01859883756612241,0.5783547555197389,0.25625585777893395
2025-06-11,-0.018862823783961903,-0.018472148642240067,0.02952685132554305,-0.002454490902950466,-0.0003405414642137737,-0.028827329026718973,0.03546027746553196,0.009747759935876855,-0.013984667728380109,0.01383401825364702,-0.020684070294623165,0.013891344136421267,-0.024100113865134283,0.01643223447635108,146.5,145.11,147.68,147.66,0.004003669718797311,0.0025747578300392084,-0.00047608025,0.49672347481749,1e-06,0.5803951512675194,0.2554233110835929
2025-06-12,-0.018472148642240067,0.02952685132554305,-0.002454490902950466,-0.0003405414642137737,-0.028827329026718973,0.03546027746553196,0.009747759935876855,-0.013984667728380109,0.01383401825364702,-0.020684070294623165,0.013891344136421267,-0.024100113865134283,0.01643223447635108,0.0025747578300392084,146.81,146.6,150.03,149.97,0.015522940462569313,0.011519270743772002,-0.0054308567,0.6119655618000573,0.4616721142323166,0.578248653133162,0.2549915343132543
2025-06-13,0.02952685132554305,-0.002454490902950466,-0.0003405414642137737,-0.028827329026718973,0.03546027746553196,0.009747759935876855,-0.013984667728380109,0.01383401825364702,-0.020684070294623165,0.013891344136421267,-0.024100113865134283,0.01643223447635108,0.0025747578300392084,0.011519270743772002,148.7,148.07,150.23,148.32,-0.011063172276043457,-0.02658611273861277,-0.012574148,0.6012126251070473,1e-06,0.5766359692996279,0.2547526363673853
2025-06-16,-0.002454490902950466,-0.0003405414642137737,-0.028827329026718973,0.03546027746553196,0.009747759935876855,-0.013984667728380109,0.01383401825364702,-0.020684070294623165,0.013891344136421267,-0.024100113865134283,0.01643223447635108,0.0025747578300392084,0.011519270743772002,-0.02658611273861277,148.4,147.58,151.0,150.89,0.017178992708015206,0.02824216498405866,0.010740202,0.07523641607806361,1e-06,0.5756345273186113,0.25683496650170323
2025-06-17,-0.0003405414642137737,-0.028827329026718973,0.03546027746553196,0.009747759935876855,-0.013984667728380109,0.01383401825364702,-0.020684070294623165,0.013891344136421267,-0.024100113865134283,0.01643223447635108,0.0025747578300392084,0.011519270743772002,-0.02658611273861277,0.02824216498405866,150.58,149.13,150.9,150.31,-0.0038512663804249115,-0.02103025908844012,-0.0129717225,0.6615707863652391,1e-06,0.5857932818361501,0.25724975722568993
2025-06-18,-0.028827329026718973,0.03546027746553196,0.009747759935876855,-0.013984667728380109,0.01383401825364702,-0.020684070294623165,0.013891344136421267,-0.024100113865134283,0.01643223447635108,0.0025747578300392084,0.011519270743772002,-0.02658611273861277,0.02824216498405866,-0.02103025908844012,150.01,150.01,153.33,150.96,0.004315072915160182,0.008166339295585093,0.008450257,1.015648467680307,1e-06,0.6134876287914883,0.2818304443783369
2025-06-20,0.03546027746553196,0.009747759935876855,-0.013984667728380109,0.01383401825364702,-0.020684070294623165,0.013891344136421267,-0.024100113865134283,0.01643223447635108,0.0025747578300392084,0.011519270743772002,-0.02658611273861277,0.02824216498405866,-0.02103025908844012,0.008166339295585093,151.36,149.74,152.46,150.4,-0.0037164895445551114,-0.008031562459715293,0.0019843462,0.4729327320484936,1e-06,0.6326067141715092,0.2602605266487837
2025-06-23,0.009747759935876855,-0.013984667728380109,0.01383401825364702,-0.020684070294623165,0.013891344136421267,-0.024100113865134283,0.01643223447635108,0.0025747578300392084,0.011519270743772002,-0.02658611273861277,0.02824216498405866,-0.02103025908844012,0.008166339295585093,-0.008031562459715293,149.7,149.7,154.47,154.47,0.026701491210420376,0.03041798075497549,0.0129392315,0.5481397015904825,1e-06,0.6365499635971895,0.2583930549755544
2025-06-24,-0.013984667728380109,0.01383401825364702,-0.020684070294623165,0.013891344136421267,-0.024100113865134283,0.01643223447635108,0.0025747578300392084,0.011519270743772002,-0.02658611273861277,0.02824216498405866,-0.02103025908844012,0.008166339295585093,-0.008031562459715293,0.03041798075497549,155.11,155.01,157.96,157.92,0.022088672959011863,-0.004612818251408513,-0.016738087,0.8510273183170936,1e-06,0.6370433325164501,0.25882610220400104
2025-06-25,0.01383401825364702,-0.020684070294623165,0.013891344136421267,-0.024100113865134283,0.01643223447635108,0.0025747578300392084,0.011519270743772002,-0.02658611273861277,0.02824216498405866,-0.02103025908844012,0.008166339295585093,-0.008031562459715293,0.03041798075497549,-0.004612818251408513,158.11,157.27,158.93,157.8,-0.0007601672733971615,-0.022848840232409025,-0.010529806,0.36711047878809866,1e-06,0.6050562553640207,0.26279242728200986
2025-06-26,-0.020684070294623165,0.013891344136421267,-0.024100113865134283,0.01643223447635108,0.0025747578300392084,0.011519270743772002,-0.02658611273861277,0.02824216498405866,-0.02103025908844012,0.008166339295585093,-0.008031562459715293,0.03041798075497549,-0.004612818251408513,-0.022848840232409025,156.8,156.8,157.87,157.57,-0.0014586044378196103,-0.0006984371644224487,0.008115352,0.43029517407785645,1e-06,0.5592603111357564,0.2289517174059323
2025-06-27,0.013891344136421267,-0.024100113865134283,0.01643223447635108,0.0025747578300392084,0.011519270743772002,-0.02658611273861277,0.02824216498405866,-0.02103025908844012,0.008166339295585093,-0.008031562459715293,0.03041798075497549,-0.004612818251408513,-0.022848840232409025,-0.0006984371644224487,157.21,156.9,158.32,157.26,-0.001969317410584003,-0.0005107129727643927,0.010769426,0.6484807316531129,0.2408415667162985,0.5589153896163241,0.22880271963434073
2025-06-30,-0.024100113865134283,0.01643223447635108,0.0025747578300392084,0.011519270743772002,-0.02658611273861277,0.02824216498405866,-0.02103025908844012,0.008166339295585093,-0.008031562459715293,0.03041798075497549,-0.004612818251408513,-0.022848840232409025,-0.0006984371644224487,-0.0005107129727643927,157.24,156.66,159.79,159.77,0.0158347944761106,0.017804111886694604,0.006981699,0.27570028538959485,1e-06,0.5538937129409318,0.2345347751955837
2025-07-01,0.01643223447635108,0.0025747578300392084,0.011519270743772002,-0.02658611273861277,0.02824216498405866,-0.02103025908844012,0.008166339295585093,-0.008031562459715293,0.03041798075497549,-0.004612818251408513,-0.022848840232409025,-0.0006984371644224487,-0.0005107129727643927,0.017804111886694604,160.13,158.35,160.64,158.97,-0.0050197758666995895,-0.020854570342810193,-0.005110379,0.9330627196964392,1e-06,0.5706504623863847,0.25328937455262474
2025-07-02,0.0025747578300392084,0.011519270743772002,-0.02658611273861277,0.02824216498405866,-0.02103025908844012,0.008166339295585093,-0.008031562459715293,0.03041798075497549,-0.004612818251408513,-0.022848840232409025,-0.0006984371644224487,-0.0005107129727643927,0.017804111886694604,-0.020854570342810193,157.52,156.7,159.03,157.07,-0.012023939317839249,-0.007004163451139659,0.011236294,0.030520436902915036,1e-06,0.5373502453924867,0.2915175383308692
2025-07-03,0.011519270743772002,-0.02658611273861277,0.02824216498405866,-0.02103025908844012,0.008166339295585093,-0.008031562459715293,0.03041798075497549,-0.004612818251408513,-0.022848840232409025,-0.0006984371644224487,-0.0005107129727643927,0.017804111886694604,-0.020854570342810193,-0.007004163451139659,157.0,153.07,157.51,155.27,-0.011526028861862204,0.000497910455977045,0.020845162,0.016004051940894375,1e-06,0.4947815661168321,0.32173057177831293
2025-07-07,-0.02658611273861277,0.02824216498405866,-0.02103025908844012,0.008166339295585093,-0.008031562459715293,0.03041798075497549,-0.004612818251408513,-0.022848840232409025,-0.0006984371644224487,-0.0005107129727643927,0.017804111886694604,-0.020854570342810193,-0.007004163451139659,0.000497910455977045,155.35,153.25,155.55,153.52,-0.011334685293633712,0.0001913435682284921,0.015129775,0.5916998171340707,1e-06,0.49410207983304805,0.3214984631926813
2025-07-08,0.02824216498405866,-0.02103025908844012,0.008166339295585093,-0.008031562459715293,0.03041798075497549,-0.004612818251408513,-0.022848840232409025,-0.0006984371644224487,-0.0005107129727643927,0.017804111886694604,-0.020854570342810193,-0.007004163451139659,0.000497910455977045,0.0001913435682284921,153.44,152.06,153.72,152.62,-0.00587967983795718,0.005455005455676532,0.017155303,0.5293777093020704,0.5593509610218703,0.5265407436347628,0.29803982605459467
2025-07-09,-0.02103025908844012,0.008166339295585093,-0.008031562459715293,0.03041798075497549,-0.004612818251408513,-0.022848840232409025,-0.0006984371644224487,-0.0005107129727643927,0.017804111886694604,-0.020854570342810193,-0.007004163451139659,0.000497910455977045,0.0001913435682284921,0.005455005455676532,151.84,151.01,152.88,152.66,0.00026205450883741134,0.0061417343467945916,0.012843343,0.30494807300547216,1e-06,0.5010676926804938,0.30083812713285535
2025-07-10,0.008166339295585093,-0.008031562459715293,0.03041798075497549,-0.004612818251408513,-0.022848840232409025,-0.0006984371644224487,-0.0005107129727643927,0.017804111886694604,-0.020854570342810193,-0.007004163451139659,0.000497910455977045,0.0001913435682284921,0.005455005455676532,0.0061417343467945916,152.0,151.0,152.8,151.26,-0.009213015942440726,-0.009475070451278137,0.00682004,0.8808809184932653,0.7271268116269708,0.4914414391671337,0.28483651579424923
2025-07-11,-0.008031562459715293,0.03041798075497549,-0.004612818251408513,-0.022848840232409025,-0.0006984371644224487,-0.0005107129727643927,0.017804111886694604,-0.020854570342810193,-0.007004163451139659,0.000497910455977045,0.0001913435682284921,0.005455005455676532,0.0061417343467945916,-0.009475070451278137,150.83,148.12,151.02,148.33,-0.019560689092362058,-0.010347673149921332,0.016009739,0.282804528540307,1e-06,0.4778608532022632,0.2902676040261565
2025-07-14,0.03041798075497549,-0.004612818251408513,-0.022848840232409025,-0.0006984371644224487,-0.0005107129727643927,0.017804111886694604,-0.020854570342810193,-0.007004163451139659,0.000497910455977045,0.0001913435682284921,0.005455005455676532,0.0061417343467945916,-0.009475070451278137,-0.010347673149921332,148.73,148.01,150.07,148.82,0.003298000633594319,0.022858689725956376,0.02603869,0.2687651084150274,0.20491808439936487,0.45790552511830207,0.29463478926713116
2025-07-15,-0.004612818251408513,-0.022848840232409025,-0.0006984371644224487,-0.0005107129727643927,0.017804111886694604,-0.020854570342810193,-0.007004163451139659,0.000497910455977045,0.0001913435682284921,0.005455005455676532,0.0061417343467945916,-0.009475070451278137,-0.010347673149921332,0.022858689725956376,148.46,146.56,149.22,148.73,-0.0006049403646083782,-0.0039029409982026973,0.0033924142,0.4276714185486051,1e-06,0.42766581799198145,0.2720425258183789
2025-07-16,-0.022848840232409025,-0.0006984371644224487,-0.0005107129727643927,0.017804111886694604,-0.020854570342810193,-0.007004163451139659,0.000497910455977045,0.0001913435682284921,0.005455005455676532,0.0061417343467945916,-0.009475070451278137,-0.010347673149921332,0.022858689725956376,-0.0039029409982026973,148.17,147.94,149.91,149.32,0.003959072441876693,0.0045640128064850715,0.0066926163,1.314089965284808,1e-06,0.4953072098846035,0.35949949987497926
2025-07-17,-0.0006984371644224487,-0.0005107129727643927,0.017804111886694604,-0.020854570342810193,-0.007004163451139659,0.000497910455977045,0.0001913435682284921,0.005455005455676532,0.0061417343467945916,-0.009475070451278137,-0.010347673149921332,0.022858689725956376,-0.0039029409982026973,0.0045640128064850715,147.97,147.87,150.23,150.0,0.00454364004987299,0.0005845676079962968,-0.0013067193,0.6462192121425239,1e-06,0.5107303554606513,0.3611239095984815
2025-07-18,-0.0005107129727643927,0.017804111886694604,-0.020854570342810193,-0.007004163451139659,0.000497910455977045,0.0001913435682284921,0.005455005455676532,0.0061417343467945916,-0.009475070451278137,-0.010347673149921332,0.022858689725956376,-0.0039029409982026973,0.0045640128064850715,0.0005845676079962968,148.77,148.52,151.58,149.83,-0.0011339760412025998,-0.00567761609107559,-3.3439326e-05,0.8532848917386737,0.0748948765220642,0.5253592240381914,0.3711425815722474
2025-07-21,0.017804111886694604,-0.020854570342810193,-0.007004163451139659,0.000497910455977045,0.0001913435682284921,0.005455005455676532,0.0061417343467945916,-0.009475070451278137,-0.010347673149921332,0.022858689725956376,-0.0039029409982026973,0.0045640128064850715,0.0005845676079962968,-0.00567761609107559,149.12,148.95,153.54,153.5,0.024199248972199213,0.025333225013401812,0.002570205,0.6027003974533267,0.7949942463296205,0.5487163748998864,0.3644514198541612
2025-07-22,-0.020854570342810193,-0.007004163451139659,0.000497910455977045,0.0001913435682284921,0.005455005455676532,0.0061417343467945916,-0.009475070451278137,-0.010347673149921332,0.022858689725956376,-0.0039029409982026973,0.0045640128064850715,0.0005845676079962968,-0.00567761609107559,0.025333225013401812,154.6,154.21,158.49,157.15,0.023500196216324945,-0.000699052755874268,-0.019199178,1.3590340332813642,0.41354449624422185,0.5791428972988096,0.4134893409146641
2025-07-23,-0.007004163451139659,0.000497910455977045,0.0001913435682284921,0.005455005455676532,0.0061417343467945916,-0.009475070451278137,-0.010347673149921332,0.022858689725956376,-0.0039029409982026973,0.0045640128064850715,0.0005845676079962968,-0.00567761609107559,0.025333225013401812,-0.000699052755874268,154.91,153.25,156.4,153.73,-0.022002946319068444,-0.04550314253539339,-0.019345101,0.47463699590222785,1e-06,0.6108655086559035,0.38415751957798655
2025-07-24,0.000497910455977045,0.0001913435682284921,0.005455005455676532,0.0061417343467945916,-0.009475070451278137,-0.010347673149921332,0.022858689725956376,-0.0039029409982026973,0.0045640128064850715,0.0005845676079962968,-0.00567761609107559,0.025333225013401812,-0.000699052755874268,-0.04550314253539339,151.66,151.01,153.92,152.75,-0.006395218872803067,0.015607727446265377,0.018688658,0.1293366323060926,1e-06,0.6189606929677033,0.3716484542367203
2025-07-25,0.0001913435682284921,0.005455005455676532,0.0061417343467945916,-0.009475070451278137,-0.010347673149921332,0.022858689725956376,-0.0039029409982026973,0.0045640128064850715,0.0005845676079962968,-0.00567761609107559,0.025333225013401812,-0.000699052755874268,-0.04550314253539339,0.015607727446265377,152.0,151.3,152.99,151.62,-0.00742520742354654,-0.0010299885507434733,0.0059913476,0.08003007328822645,1e-06,0.5824128541215715,0.39870907941577155
2025-07-28,0.005455005455676532,0.0061417343467945916,-0.009475070451278137,-0.010347673149921332,0.022858689725956376,-0.0039029409982026973,0.0045640128064850715,0.0005845676079962968,-0.00567761609107559,0.025333225013401812,-0.000699052755874268,-0.04550314253539339,0.015607727446265377,-0.0010299885507434733,151.17,150.32,152.78,152.05,0.002832023495216163,0.010257230918762704,0.0051042824,0.5346240443804287,0.8909384506792426,0.5827875923414544,0.39865786062155495
2025-07-29,0.0061417343467945916,-0.009475070451278137,-0.010347673149921332,0.022858689725956376,-0.0039029409982026973,0.0045640128064850715,0.0005845676079962968,-0.00567761609107559,0.025333225013401812,-0.000699052755874268,-0.04550314253539339,0.015607727446265377,-0.0010299885507434733,0.010257230918762704,151.41,146.62,152.98,147.39,-0.031127279274707084,-0.03395930276992325,-0.0020058074,0.24946972681431206,1e-06,0.5788248533278001,0.40189467837955456
2025-07-30,-0.009475070451278137,-0.010347673149921332,0.022858689725956376,-0.0039029409982026973,0.0045640128064850715,0.0005845676079962968,-0.00567761609107559,0.025333225013401812,-0.000699052755874268,-0.04550314253539339,0.015607727446265377,-0.0010299885507434733,0.010257230918762704,-0.03395930276992325,150.51,149.56,159.19,155.8,0.05549099858798168,0.08661827786268876,0.024130715,0.9746585734489793,1e-06,0.5855232572532082,0.40805067836625863
2025-07-31,-0.010347673149921332,0.022858689725956376,-0.0039029409982026973,0.0045640128064850715,0.0005845676079962968,-0.00567761609107559,0.025333225013401812,-0.000699052755874268,-0.04550314253539339,0.015607727446265377,-0.0010299885507434733,0.010257230918762704,-0.03395930276992325,0.08661827786268876,154.62,151.9,155.77,152.42,-0.02193326519867643,-0.0774242637866581,-0.050528213,0.08508637734698635,1e-06,0.5714005321679709,0.42249949954091304
2025-08-01,0.022858689725956376,-0.0039029409982026973,0.0045640128064850715,0.0005845676079962968,-0.00567761609107559,0.025333225013401812,-0.000699052755874268,-0.04550314253539339,0.015607727446265377,-0.0010299885507434733,0.010257230918762704,-0.03395930276992325,0.08661827786268876,-0.0774242637866581,153.17,151.42,157.58,156.43,0.025968757335707835,0.04790202253438426,0.025404338,0.9223932779291961,1e-06,0.61808825856184,0.42259883206230037
2025-08-04,-0.0039029409982026973,0.0045640128064850715,0.0005845676079962968,-0.00567761609107559,0.025333225013401812,-0.000699052755874268,-0.04550314253539339,0.015607727446265377,-0.0010299885507434733,0.010257230918762704,-0.03395930276992325,0.08661827786268876,-0.0774242637866581,0.04790202253438426,156.77,156.28,160.29,159.8,0.02131440775849553,-0.004654349577212304,-0.010590251,1.3720702379226224,1e-06,0.6855453170885556,0.4632818491683144
2025-08-05,0.0045640128064850715,0.0005845676079962968,-0.00567761609107559,0.025333225013401812,-0.000699052755874268,-0.04550314253539339,0.015607727446265377,-0.0010299885507434733,0.010257230918762704,-0.03395930276992325,0.08661827786268876,-0.0774242637866581,0.04790202253438426,-0.004654349577212304,160.37,158.82,161.45,160.95,0.007170724412642983,-0.014143683345852549,-0.0071958313,1.1766178785167631,1e-06,0.6757258823194096,0.45020721046557066
2025-08-06,0.0005845676079962968,-0.00567761609107559,0.025333225013401812,-0.000699052755874268,-0.04550314253539339,0.015607727446265377,-0.0010299885507434733,0.010257230918762704,-0.03395930276992325,0.08661827786268876,-0.0774242637866581,0.04790202253438426,-0.004654349577212304,-0.014143683345852549,160.89,159.48,162.98,162.96,0.012411014173733644,0.0052402897610906605,0.00684826,0.7492638449400575,1e-06,0.683086213233519,0.45052991588390295
2025-08-07,-0.00567761609107559,0.025333225013401812,-0.000699052755874268,-0.04550314253539339,0.015607727446265377,-0.0010299885507434733,0.010257230918762704,-0.03395930276992325,0.08661827786268876,-0.0774242637866581,0.04790202253438426,-0.004654349577212304,-0.014143683345852549,0.0052402897610906605,162.61,161.11,164.07,162.59,-0.0022730773110864466,-0.01468409148482009,0.0066038645,0.9653519838954681,0.9423380772714318,0.6910910055304329,0.45476223438603147
2025-08-08,0.025333225013401812,-0.000699052755874268,-0.04550314253539339,0.015607727446265377,-0.0010299885507434733,0.010257230918762704,-0.03395930276992325,0.08661827786268876,-0.0774242637866581,0.04790202253438426,-0.004654349577212304,-0.014143683345852549,0.0052402897610906605,-0.01468409148482009,163.26,162.35,167.62,166.44,0.02340318950727702,0.025676266818363467,0.014565298,1.5974918331206265,0.5003063683793768,0.7621475366495256,0.513777570831486
2025-08-11,-0.000699052755874268,-0.04550314253539339,0.015607727446265377,-0.0010299885507434733,0.010257230918762704,-0.03395930276992325,0.08661827786268876,-0.0774242637866581,0.04790202253438426,-0.004654349577212304,-0.014143683345852549,0.0052402897610906605,-0.01468409148482009,0.025676266818363467,170.1,170.1,176.58,176.06,0.056189961918019775,0.03278677241074275,-0.0073880283,1.5974918331206265,1e-06,0.7791802366380444,0.5384479921592541
2025-08-12,-0.04550314253539339,0.015607727446265377,-0.0010299885507434733,0.010257230918762704,-0.03395930276992325,0.08661827786268876,-0.0774242637866581,0.04790202253438426,-0.004654349577212304,-0.014143683345852549,0.0052402897610906605,-0.01468409148482009,0.025676266818363467,0.03278677241074275,175.78,173.96,178.72,177.94,0.010621568783861437,-0.045568393134158336,-0.04107622,1.5974918331206265,0.16619310834838824,0.8593841535822156,0.5721666682101865
2025-08-13,0.015607727446265377,-0.0010299885507434733,0.010257230918762704,-0.03395930276992325,0.08661827786268876,-0.0774242637866581,0.04790202253438426,-0.004654349577212304,-0.014143683345852549,0.0052402897610906605,-0.01468409148482009,0.025676266818363467,0.03278677241074275,-0.045568393134158336,176.91,176.7,179.75,178.34,0.002245425890112324,-0.008376142893749113,0.0031342905,1.5974918331206265,1e-06,0.9642523822118252,0.5625314882638942
2025-08-14,-0.0010299885507434733,0.010257230918762704,-0.03395930276992325,0.08661827786268876,-0.0774242637866581,0.04790202253438426,-0.004654349577212304,-0.014143683345852549,0.0052402897610906605,-0.01468409148482009,0.025676266818363467,0.03278677241074275,-0.045568393134158336,-0.008376142893749113,176.77,176.77,180.8,179.14,0.004475782340316102,0.002230356450203778,0.013029583,1.5974918331206265,1e-06,1.0726425079141395,0.5239206500725311
2025-08-15,0.010257230918762704,-0.03395930276992325,0.08661827786268876,-0.0774242637866581,0.04790202253438426,-0.004654349577212304,-0.014143683345852549,0.0052402897610906605,-0.01468409148482009,0.025676266818363467,0.03278677241074275,-0.045568393134158336,-0.008376142893749113,0.002230356450203778,177.77,172.77,177.77,173.71,-0.03078038093321692,-0.03525616327353302,0.008456234,0.11336417880581048,1e-06,1.0425525175159525,0.567483131482603
2025-08-18,-0.03395930276992325,0.08661827786268876,-0.0774242637866581,0.04790202253438426,-0.004654349577212304,-0.014143683345852549,0.0052402897610906605,-0.01468409148482009,0.025676266818363467,0.03278677241074275,-0.045568393134158336,-0.008376142893749113,0.002230356450203778,-0.03525616327353302,171.14,167.92,171.14,169.08,-0.02701526641524258,0.0037651145179743405,0.039160315,0.3166318530050727,1e-06,1.047349812243864,0.5605039394953739
2025-08-19,0.08661827786268876,-0.0774242637866581,0.04790202253438426,-0.004654349577212304,-0.014143683345852549,0.0052402897610906605,-0.01468409148482009,0.025676266818363467,0.03278677241074275,-0.045568393134158336,-0.008376142893749113,0.002230356450203778,-0.03525616327353302,0.0037651145179743405,167.42,167.42,171.07,170.64,0.009184098464505934,0.036199364879748515,0.033950694,0.5800697036818291,0.7617602681817672,1.0191648929747819,0.5741941435738899
2025-08-20,-0.0774242637866581,0.04790202253438426,-0.004654349577212304,-0.014143683345852549,0.0052402897610906605,-0.01468409148482009,0.025676266818363467,0.03278677241074275,-0.045568393134158336,-0.008376142893749113,0.002230356450203778,-0.03525616327353302,0.0037651145179743405,0.036199364879748515,170.3,169.06,172.38,171.36,0.0042105325363439,-0.0049735659281620334,-0.0014074856,0.5642607691304865,1e-06,1.0533916352450319,0.5265358778638581
2025-08-21,0.04790202253438426,-0.004654349577212304,-0.014143683345852549,0.0052402897610906605,-0.01468409148482009,0.025676266818363467,0.03278677241074275,-0.045568393134158336,-0.008376142893749113,0.002230356450203778,-0.03525616327353302,0.0037651145179743405,0.036199364879748515,-0.0049735659281620334,170.23,169.24,171.69,171.49,0.0007583491686172768,-0.0034521833677266236,0.0025467223,0.21066336641802694,1e-06,1.0025537844228054,0.5725091833462871
2025-08-22,-0.004654349577212304,-0.014143683345852549,0.0052402897610906605,-0.01468409148482009,0.025676266818363467,0.03278677241074275,-0.045568393134158336,-0.008376142893749113,0.002230356450203778,-0.03525616327353302,0.0037651145179743405,0.036199364879748515,-0.0049735659281620334,-0.0034521833677266236,171.6,170.01,172.65,171.0,-0.0028613993653957173,-0.0036197485340129943,0.009372724,0.3275051894707395,1e-06,0.927941995247671,0.5884908517798
2025-08-25,-0.014143683345852549,0.0052402897610906605,-0.01468409148482009,0.025676266818363467,0.03278677241074275,-0.045568393134158336,-0.008376142893749113,0.002230356450203778,-0.03525616327353302,0.0037651145179743405,0.036199364879748515,-0.0049735659281620334,-0.0034521833677266236,-0.0036197485340129943,170.8,170.74,173.49,172.52,0.00884961527698282,0.011711014642378538,0.016135706,0.8103393513834327,1e-06,0.901779243309576,0.5847147303698447
2025-08-26,0.0052402897610906605,-0.01468409148482009,0.025676266818363467,0.03278677241074275,-0.045568393134158336,-0.008376142893749113,0.002230356450203778,-0.03525616327353302,0.0037651145179743405,0.036199364879748515,-0.0049735659281620334,-0.0034521833677266236,-0.0036197485340129943,0.011711014642378538,171.68,170.51,173.21,172.06,-0.002669918586440163,-0.011519533863422984,0.0012742118,0.841151000428753,1e-06,0.9083426115587686,0.5833852701593322
2025-08-27,-0.01468409148482009,0.025676266818363467,0.03278677241074275,-0.045568393134158336,-0.008376142893749113,0.002230356450203778,-0.03525616327353302,0.0037651145179743405,0.036199364879748515,-0.0049735659281620334,-0.0034521833677266236,-0.0036197485340129943,0.011711014642378538,-0.011519533863422984,171.37,170.78,173.46,172.77,0.004117976993488871,0.006787895579929034,0.019241547,0.8050614007389574,1e-06,0.8968932841904464,0.5837531469405516
2025-08-28,0.025676266818363467,0.03278677241074275,-0.045568393134158336,-0.008376142893749113,0.002230356450203778,-0.03525616327353302,0.0037651145179743405,0.036199364879748515,-0.0049735659281620334,-0.0034521833677266236,-0.0036197485340129943,0.011711014642378538,-0.011519533863422984,0.006787895579929034,171.46,168.81,173.36,170.98,-0.010414639588602923,-0.014532616582091793,0.00863552,0.5844926752144222,0.9378494794794172,0.8245362014828604,0.5521593084771228
2025-08-29,0.03278677241074275,-0.045568393134158336,-0.008376142893749113,0.002230356450203778,-0.03525616327353302,0.0037651145179743405,0.036199364879748515,-0.0049735659281620334,-0.0034521833677266236,-0.0036197485340129943,0.011711014642378538,-0.011519533863422984,0.006787895579929034,-0.014532616582091793,171.01,169.54,172.48,171.58,0.0035030395467319894,0.013917679135334912,0.02478084,0.1871406288821312,0.14706082254404573,0.7237968297515394,0.5284355384927883
2025-09-02,-0.045568393134158336,-0.008376142893749113,0.002230356450203778,-0.03525616327353302,0.0037651145179743405,0.036199364879748515,-0.0049735659281620334,-0.0034521833677266236,-0.0036197485340129943,0.011711014642378538,-0.011519533863422984,0.006787895579929034,-0.014532616582091793,0.013917679135334912,169.37,168.84,173.14,171.35,-0.0013413818242012248,-0.0048444213709332145,0.0028373923,0.7334315210222921,1e-06,0.6620782360302296,0.46522077632840025
2025-09-03,-0.008376142893749113,0.002230356450203778,-0.03525616327353302,0.0037651145179743405,0.036199364879748515,-0.0049735659281620334,-0.0034521833677266236,-0.0036197485340129943,0.011711014642378538,-0.011519533863422984,0.006787895579929034,-0.014532616582091793,0.013917679135334912,-0.0048444213709332145,170.28,167.25,171.59,167.78,-0.021054650902469038,-0.019713269078267814,0.0028698696,0.2560365321523178,1e-06,0.5662600002467791,0.3897662225176811
2025-09-04,0.002230356450203778,-0.03525616327353302,0.0037651145179743405,0.036199364879748515,-0.0049735659281620334,-0.0034521833677266236,-0.0036197485340129943,0.011711014642378538,-0.011519533863422984,0.006787895579929034,-0.014532616582091793,0.013917679135334912,-0.0048444213709332145,-0.019713269078267814,167.71,165.42,168.23,167.82,0.0002383790237749074,0.021293029926243944,0.015357744,0.5693823844314101,1e-06,0.49282361105469225,0.2535896469235851
2025-09-05,-0.03525616327353302,0.0037651145179743405,0.036199364879748515,-0.0049735659281620334,-0.0034521833677266236,-0.0036197485340129943,0.011711014642378538,-0.011519533863422984,0.006787895579929034,-0.014532616582091793,0.013917679135334912,-0.0048444213709332145,-0.019713269078267814,0.021293029926243944,168.5,166.61,169.29,167.8,-0.0001191824088172478,-0.0003575614325921552,-0.0034455955,0.4226607445155863,1e-06,0.5149162228911048,0.23040105760617144
2025-09-08,0.0037651145179743405,0.036199364879748515,-0.0049735659281620334,-0.0034521833677266236,-0.0036197485340129943,0.011711014642378538,-0.011519533863422984,0.006787895579929034,-0.014532616582091793,0.013917679135334912,-0.0048444213709332145,-0.019713269078267814,0.021293029926243944,-0.0003575614325921552,169.15,167.04,170.03,168.11,0.0018457330118617885,0.001964915420679036,-0.0018112325,0.5290618761773473,1e-06,0.5300897959748386,0.22322125987503305
2025-09-09,0.036199364879748515,-0.0049735659281620334,-0.0034521833677266236,-0.0036197485340129943,0.011711014642378538,-0.011519533863422984,0.006787895579929034,-0.014532616582091793,0.013917679135334912,-0.0048444213709332145,-0.019713269078267814,0.021293029926243944,-0.0003575614325921552,0.001964915420679036,167.47,165.75,167.93,166.03,-0.012450032125272105,-0.014295765137133893,0.00056449475,0.010791919174488145,1e-06,0.48942709708145715,0.26191372973666205
2025-09-10,-0.0049735659281620334,-0.0034521833677266236,-0.0036197485340129943,0.011711014642378538,-0.011519533863422984,0.006787895579929034,-0.014532616582091793,0.013917679135334912,-0.0048444213709332145,-0.019713269078267814,0.021293029926243944,-0.0003575614325921552,0.001964915420679036,-0.014295765137133893,165.08,164.01,170.24,170.15,0.024511906027220066,0.03696193815249217,0.016345505,0.4690034080078176,1e-06,0.4826229998584094,0.2610560405465795
2025-09-11,-0.0034521833677266236,-0.0036197485340129943,0.011711014642378538,-0.011519533863422984,0.006787895579929034,-0.014532616582091793,0.013917679135334912,-0.0048444213709332145,-0.019713269078267814,0.021293029926243944,-0.0003575614325921552,0.001964915420679036,-0.014295765137133893,0.03696193815249217,170.0,168.32,171.12,169.83,-0.0018824642302362113,-0.02639437025745628,-0.018551892,1.4075720594954857,1e-06,0.5681164779353708,0.3469863847436277
2025-09-12,-0.0036197485340129943,0.011711014642378538,-0.011519533863422984,0.006787895579929034,-0.014532616582091793,0.013917679135334912,-0.0048444213709332145,-0.019713269078267814,0.021293029926243944,-0.0003575614325921552,0.001964915420679036,-0.014295765137133893,0.03696193815249217,-0.02639437025745628,169.24,168.8,172.92,172.78,0.017221172214059974,0.019103636444296187,0.0064076018,1.1810663833588921,1e-06,0.6290851346416674,0.37529142323317816
2025-09-15,0.011711014642378538,-0.011519533863422984,0.006787895579929034,-0.014532616582091793,0.013917679135334912,-0.0048444213709332145,-0.019713269078267814,0.021293029926243944,-0.0003575614325921552,0.001964915420679036,-0.014295765137133893,0.03696193815249217,-0.02639437025745628,0.019103636444296187,170.03,170.03,172.64,171.56,-0.007086049282058122,-0.024307221496118095,-0.008995988,0.7065035004822725,1e-06,0.6216682881487273,0.37244905261268857
2025-09-16,-0.011519533863422984,0.006787895579929034,-0.014532616582091793,0.013917679135334912,-0.0048444213709332145,-0.019713269078267814,0.021293029926243944,-0.0003575614325921552,0.001964915420679036,-0.014295765137133893,0.03696193815249217,-0.02639437025745628,0.019103636444296187,-0.024307221496118095,171.52,170.98,175.44,172.11,0.003200747633210002,0.010286796915268124,0.012533081,1.0270780584719108,1e-06,0.634948792294667,0.3840125272511578
2025-09-17,0.006787895579929034,-0.014532616582091793,0.013917679135334912,-0.0048444213709332145,-0.019713269078267814,0.021293029926243944,-0.0003575614325921552,0.001964915420679036,-0.014295765137133893,0.03696193815249217,-0.02639437025745628,0.019103636444296187,-0.024307221496118095,0.010286796915268124,172.03,170.41,174.13,173.62,0.008735195681772764,0.005534448048562762,-0.00072230387,0.29600452399602106,1e-06,0.5985875868130288,0.3907082395499986
2025-09-18,-0.014532616582091793,0.013917679135334912,-0.0048444213709332145,-0.019713269078267814,0.021293029926243944,-0.0003575614325921552,0.001964915420679036,-0.014295765137133893,0.03696193815249217,-0.02639437025745628,0.019103636444296187,-0.024307221496118095,0.010286796915268124,0.005534448048562762,171.56,170.21,174.71,173.09,-0.003057312525354271,-0.011792508207127034,-0.002773086,0.49419977519760616,0.7687654348895626,0.5921380939546849,0.39170277930971664
2025-09-19,0.013917679135334912,-0.0048444213709332145,-0.019713269078267814,0.021293029926243944,-0.0003575614325921552,0.001964915420679036,-0.014295765137133893,0.03696193815249217,-0.02639437025745628,0.019103636444296187,-0.024307221496118095,0.010286796915268124,0.005534448048562762,-0.011792508207127034,172.5,171.18,174.64,172.68,-0.0023715197510304304,0.0006857927743238405,0.0037589695,0.4346349765004476,1e-06,0.6098162616417074,0.37734017644359236
2025-09-22,-0.0048444213709332145,-0.019713269078267814,0.021293029926243944,-0.0003575614325921552,0.001964915420679036,-0.014295765137133893,0.03696193815249217,-0.02639437025745628,0.019103636444296187,-0.024307221496118095,0.010286796915268124,0.005534448048562762,-0.011792508207127034,0.0006857927743238405,172.7,171.64,173.53,173.41,0.004218562123181229,0.006590081874211659,0.0070987064,0.12737306263750375,1e-06,0.5665263717570796,0.3963533211908104
2025-09-23,-0.019713269078267814,0.021293029926243944,-0.0003575614325921552,0.001964915420679036,-0.014295765137133893,0.03696193815249217,-0.02639437025745628,0.019103636444296187,-0.024307221496118095,0.010286796915268124,0.005534448048562762,-0.011792508207127034,0.0006857927743238405,0.006590081874211659,172.5,172.5,175.08,173.95,0.003109168787493345,-0.0011093933356878835,-0.0032219652,0.7974556071139478,0.6903824847653579,0.6051991628257676,0.39009206036967314
2025-09-24,0.021293029926243944,-0.0003575614325921552,0.001964915420679036,-0.014295765137133893,0.03696193815249217,-0.02639437025745628,0.019103636444296187,-0.024307221496118095,0.010286796915268124,0.005534448048562762,-0.011792508207127034,0.0006857927743238405,0.006590081874211659,-0.0011093933356878835,173.92,166.15,174.16,167.3,-0.03897929360517243,-0.042088462392665775,0.003118594,0.3895136754007753,1e-06,0.5923513978950078,0.39430172742984926
2025-09-25,-0.0003575614325921552,0.001964915420679036,-0.014295765137133893,0.03696193815249217,-0.02639437025745628,0.019103636444296187,-0.024307221496118095,0.010286796915268124,0.005534448048562762,-0.011792508207127034,0.0006857927743238405,0.006590081874211659,-0.0011093933356878835,-0.042088462392665775,167.9,167.0,169.09,168.19,0.005305684746563328,0.04428497835173576,0.036260705,0.0390444707259486,1e-06,0.5649502354814623,0.41952373961346495
2025-09-26,0.001964915420679036,-0.014295765137133893,0.03696193815249217,-0.02639437025745628,0.019103636444296187,-0.024307221496118095,0.010286796915268124,0.005534448048562762,-0.011792508207127034,0.0006857927743238405,0.006590081874211659,-0.0011093933356878835,-0.042088462392665775,0.04428497835173576,171.16,169.03,196.85,194.12,0.14338223179767418,0.13807654705111086,-0.0010650463,0.0390444707259486,1e-06,0.5299489922349339,0.4425572423606973
2025-09-29,-0.014295765137133893,0.03696193815249217,-0.02639437025745628,0.019103636444296187,-0.024307221496118095,0.010286796915268124,0.005534448048562762,-0.011792508207127034,0.0006857927743238405,0.006590081874211659,-0.0011093933356878835,-0.042088462392665775,0.04428497835173576,0.13807654705111086,203.0,201.55,203.44,202.05,0.04003866698746757,-0.10334356481020661,-0.107691675,0.0390444707259486,1e-06,0.5319670316314667,0.44006520792368925
2025-09-30,0.03696193815249217,-0.02639437025745628,0.019103636444296187,-0.024307221496118095,0.010286796915268124,0.005534448048562762,-0.011792508207127034,0.0006857927743238405,0.006590081874211659,-0.0011093933356878835,-0.042088462392665775,0.04428497835173576,0.13807654705111086,-0.10334356481020661,201.55,201.0,202.08,201.7,-0.0017337465643165017,-0.04177241355178407,-0.020524338,0.856361792233516,1e-06,0.5596354876475881,0.4479093287634978
2025-10-01,-0.02639437025745628,0.019103636444296187,-0.024307221496118095,0.010286796915268124,0.005534448048562762,-0.011792508207127034,0.0006857927743238405,0.006590081874211659,-0.0011093933356878835,-0.042088462392665775,0.04428497835173576,0.13807654705111086,-0.10334356481020661,-0.04177241355178407,201.72,201.36,202.29,201.56,-0.0006943411477684991,0.0010394054165480027,0.024228053,0.44694421218605423,1e-06,0.4910192128397716,0.3757949684072553
2025-10-02,0.019103636444296187,-0.024307221496118095,0.010286796915268124,0.005534448048562762,-0.011792508207127034,0.0006857927743238405,0.006590081874211659,-0.0011093933356878835,-0.042088462392665775,0.04428497835173576,0.13807654705111086,-0.10334356481020661,-0.04177241355178407,0.0010394054165480027,201.52,200.8,201.56,200.9,-0.0032798319915083285,-0.0025854908437398295,0.0022883976,0.7368924288198427,0.9633941122380199,0.45929250180126807,0.3288769374390996
2025-10-03,-0.024307221496118095,0.010286796915268124,0.005534448048562762,-0.011792508207127034,0.0006857927743238405,0.006590081874211659,-0.0011093933356878835,-0.042088462392665775,0.04428497835173576,0.13807654705111086,-0.10334356481020661,-0.04177241355178407,0.0010394054165480027,-0.0025854908437398295,201.06,200.5,201.18,200.5,-0.0019930250742646307,0.0012868069172436978,0.0038326746,0.9517775574483347,1e-06,0.47681207729884395,0.3489778122260893
2025-10-06,0.010286796915268124,0.005534448048562762,-0.011792508207127034,0.0006857927743238405,0.006590081874211659,-0.0011093933356878835,-0.042088462392665775,0.04428497835173576,0.13807654705111086,-0.10334356481020661,-0.04177241355178407,0.0010394054165480027,-0.0025854908437398295,0.0012868069172436978,200.61,200.35,200.8,200.42,-0.0003990821164409386,0.0015939429578236922,0.0033665425,0.7729887061197485,1e-06,0.4586628378451181,0.32386227978337145
2025-10-07,0.005534448048562762,-0.011792508207127034,0.0006857927743238405,0.006590081874211659,-0.0011093933356878835,-0.042088462392665775,0.04428497835173576,0.13807654705111086,-0.10334356481020661,-0.04177241355178407,0.0010394054165480027,-0.0025854908437398295,0.0012868069172436978,0.0015939429578236922,200.45,199.98,200.53,200.02,-0.0019978030818125127,-0.0015987209653715742,-0.00068422256,0.9866438531284459,0.8505209242013247,0.5079942184974342,0.34881823845893917
2025-10-08,-0.011792508207127034,0.0006857927743238405,0.006590081874211659,-0.0011093933356878835,-0.042088462392665775,0.04428497835173576,0.13807654705111086,-0.10334356481020661,-0.04177241355178407,0.0010394054165480027,-0.0025854908437398295,0.0012868069172436978,0.0015939429578236922,-0.0015987209653715742,200.01,199.81,200.34,200.0,-9.999500033310288e-05,0.0018978080814794098,-0.0044977893,0.6886732797981753,1e-06,0.5218851831117606,0.3520836152018109
2025-10-09,0.0006857927743238405,0.006590081874211659,-0.0011093933356878835,-0.042088462392665775,0.04428497835173576,0.13807654705111086,-0.10334356481020661,-0.04177241355178407,0.0010394054165480027,-0.0025854908437398295,0.0012868069172436978,0.0015939429578236922,-0.0015987209653715742,0.0018978080814794098,199.95,199.75,200.24,200.02,9.999500033351934e-05,0.00019999000066662224,-0.004551078,1.0241992252081398,1e-06,0.56399691516231,0.37533539502708807
2025-10-10,0.006590081874211659,-0.0011093933356878835,-0.042088462392665775,0.04428497835173576,0.13807654705111086,-0.10334356481020661,-0.04177241355178407,0.0010394054165480027,-0.0025854908437398295,0.0012868069172436978,0.0015939429578236922,-0.0015987209653715742,0.0018978080814794098,0.00019999000066662224,200.03,199.77,200.36,199.94,-0.00040004000933517814,-0.0005000350096686975,-0.00023719334,0.9521279029000216,1e-06,0.6229079751810612,0.36614568948134574
2025-10-13,-0.0011093933356878835,-0.042088462392665775,0.04428497835173576,0.13807654705111086,-0.10334356481020661,-0.04177241355178407,0.0010394054165480027,-0.0025854908437398295,0.0012868069172436978,0.0015939429578236922,-0.0015987209653715742,0.0018978080814794098,0.00019999000066662224,-0.0005000350096686975,200.17,199.88,200.51,200.21,0.0013494941445736668,0.001749534153908845,0.0022236027,0.8074909658444283,1e-06,0.6236247865189527,0.36652331946013045
2025-10-14,-0.042088462392665775,0.04428497835173576,0.13807654705111086,-0.10334356481020661,-0.04177241355178407,0.0010394054165480027,-0.0025854908437398295,0.0012868069172436978,0.0015939429578236922,-0.0015987209653715742,0.0018978080814794098,0.00019999000066662224,-0.0005000350096686975,0.001749534153908845,200.11,199.87,200.75,200.22,4.9946307729670094e-05,-0.0012995478368439967,0.0072481134,1.1266900009096472,1e-06,0.6762802383410149,0.38288999357052933
2025-10-15,0.04428497835173576,0.13807654705111086,-0.10334356481020661,-0.04177241355178407,0.0010394054165480027,-0.0025854908437398295,0.0012868069172436978,0.0015939429578236922,-0.0015987209653715742,0.0018978080814794098,0.00019999000066662224,-0.0005000350096686975,0.001749534153908845,-0.0012995478368439967,200.03,200.03,201.09,200.52,0.0014972304039653805,0.0014472840962357104,0.013048451,0.7902966382438923,1e-06,0.7299411074494395,0.3365525659004124
2025-10-16,0.13807654705111086,-0.10334356481020661,-0.04177241355178407,0.0010394054165480027,-0.0025854908437398295,0.0012868069172436978,0.0015939429578236922,-0.0015987209653715742,0.0018978080814794098,0.00019999000066662224,-0.0005000350096686975,0.001749534153908845,-0.0012995478368439967,0.0014472840962357104,200.61,200.19,201.13,200.32,-0.0009979044835687688,-0.002495134887534149,0.01856547,0.7542525558877022,0.855762393096561,0.7810273992467076,0.2716324921001459
2025-10-17,-0.10334356481020661,-0.04177241355178407,0.0010394054165480027,-0.0025854908437398295,0.0012868069172436978,0.0015939429578236922,-0.0015987209653715742,0.0018978080814794098,0.00019999000066662224,-0.0005000350096686975,0.001749534153908845,-0.0012995478368439967,0.0014472840962357104,-0.002495134887534149,200.51,200.2,200.73,200.44,0.0005988621797904861,0.001596766663359255,0.02117301,0.20230506123092803,1e-06,0.7926888699970632,0.23885492211483902
2025-10-20,-0.04177241355178407,0.0010394054165480027,-0.0025854908437398295,0.0012868069172436978,0.0015939429578236922,-0.0015987209653715742,0.0018978080814794098,0.00019999000066662224,-0.0005000350096686975,0.001749534153908845,-0.0012995478368439967,0.0014472840962357104,-0.002495134887534149,0.001596766663359255,200.1,200.1,200.68,200.56,0.000598503758514263,-3.584212762231063e-07,0.0071631637,0.12096587626834049,1e-06,0.7401605902852649,0.2974507349701062
2025-10-21,0.0010394054165480027,-0.0025854908437398295,0.0012868069172436978,0.0015939429578236922,-0.0015987209653715742,0.0018978080814794098,0.00019999000066662224,-0.0005000350096686975,0.001749534153908845,-0.0012995478368439967,0.0014472840962357104,-0.002495134887534149,0.001596766663359255,-3.584212762231063e-07,200.35,200.06,200.66,200.62,0.0002991176053012809,-0.00029938615321298213,0.0036530076,0.41945148702636736,1e-06,0.7381968242024303,0.29961830998168376
2025-10-22,-0.0025854908437398295,0.0012868069172436978,0.0015939429578236922,-0.0015987209653715742,0.0018978080814794098,0.00019999000066662224,-0.0005000350096686975,0.001749534153908845,-0.0012995478368439967,0.0014472840962357104,-0.002495134887534149,0.001596766663359255,-3.584212762231063e-07,-0.00029938615321298213,200.3,200.3,200.84,200.7,0.00039868434695349746,9.956674165221657e-05,0.004040893,0.8177197507219193,1e-06,0.7439702043382929,0.3003690370363469
2025-10-23,0.0012868069172436978,0.0015939429578236922,-0.0015987209653715742,0.0018978080814794098,0.00019999000066662224,-0.0005000350096686975,0.001749534153908845,-0.0012995478368439967,0.0014472840962357104,-0.002495134887534149,0.001596766663359255,-3.584212762231063e-07,-0.00029938615321298213,9.956674165221657e-05,200.5,200.44,200.72,200.61,-0.0004485310682951878,-0.0008472154152486853,0.0040794993,0.18101079389165767,1e-06,0.6889154355128159,0.3286552174157475
2025-10-24,0.0015939429578236922,-0.0015987209653715742,0.0018978080814794098,0.00019999000066662224,-0.0005000350096686975,0.001749534153908845,-0.0012995478368439967,0.0014472840962357104,-0.002495134887534149,0.001596766663359255,-3.584212762231063e-07,-0.00029938615321298213,9.956674165221657e-05,-0.0008472154152486853,200.63,200.51,200.89,200.76,0.0007474400527362407,0.0011959711210314285,0.0050678793,0.18055757498338554,1e-06,0.6465989261459327,0.35414849744696386
2025-10-27,-0.0015987209653715742,0.0018978080814794098,0.00019999000066662224,-0.0005000350096686975,0.001749534153908845,-0.0012995478368439967,0.0014472840962357104,-0.002495134887534149,0.001596766663359255,-3.584212762231063e-07,-0.00029938615321298213,9.956674165221657e-05,-0.0008472154152486853,0.0011959711210314285,200.57,200.5,200.77,200.58,-0.000896995126670297,-0.0016444351794065377,0.004356869,0.4993368783406802,1e-06,0.6117912850896638,0.34189163929592037
2025-10-28,0.0018978080814794098,0.00019999000066662224,-0.0005000350096686975,0.001749534153908845,-0.0012995478368439967,0.0014472840962357104,-0.002495134887534149,0.001596766663359255,-3.584212762231063e-07,-0.00029938615321298213,9.956674165221657e-05,-0.0008472154152486853,0.0011959711210314285,-0.0016444351794065377,200.61,200.25,200.63,200.26,-0.0015966473804054505,-0.0006996522537351535,0.005834021,0.1752981622990254,1e-06,0.5751216338397246,0.3600596882013982
2025-10-29,0.00019999000066662224,-0.0005000350096686975,0.001749534153908845,-0.0012995478368439967,0.0014472840962357104,-0.002495134887534149,0.001596766663359255,-3.584212762231063e-07,-0.00029938615321298213,9.956674165221657e-05,-0.0008472154152486853,0.0011959711210314285,-0.0016444351794065377,-0.0006996522537351535,200.08,200.01,200.58,200.12,-0.0006993356596521667,0.0008973117207532838,0.0068222154,0.4400602518370652,1e-06,0.5333974214560764,0.33713235053823454
2025-10-30,-0.0005000350096686975,0.001749534153908845,-0.0012995478368439967,0.0014472840962357104,-0.002495134887534149,0.001596766663359255,-3.584212762231063e-07,-0.00029938615321298213,9.956674165221657e-05,-0.0008472154152486853,0.0011959711210314285,-0.0016444351794065377,-0.0006996522537351535,0.0008973117207532838,200.23,199.73,200.52,200.0,-0.0005998200719673606,9.951558768480609e-05,0.0056604375,0.7512877695784973,1e-06,0.5190516976473961,0.3218715312004223
2025-10-31,0.001749534153908845,-0.0012995478368439967,0.0014472840962357104,-0.002495134887534149,0.001596766663359255,-3.584212762231063e-07,-0.00029938615321298213,9.956674165221657e-05,-0.0008472154152486853,0.0011959711210314285,-0.0016444351794065377,-0.0006996522537351535,0.0008973117207532838,9.951558768480609e-05,199.89,199.86,200.44,200.05,0.0002499687552076624,0.000849788827175023,0.0058493377,0.30255449480805136,1e-06,0.48298480685908346,0.3152872942142518
2025-11-03,-0.0012995478368439967,0.0014472840962357104,-0.002495134887534149,0.001596766663359255,-3.584212762231063e-07,-0.00029938615321298213,9.956674165221657e-05,-0.0008472154152486853,0.0011959711210314285,-0.0016444351794065377,-0.0006996522537351535,0.0008973117207532838,9.951558768480609e-05,0.000849788827175023,199.68,199.64,200.05,199.99,-0.0002999700052488067,-0.0005499387604564691,0.004961015,0.6040408862245036,1e-06,0.445652727238716,0.2591503323361212
2025-11-04,0.0014472840962357104,-0.002495134887534149,0.001596766663359255,-3.584212762231063e-07,-0.00029938615321298213,9.956674165221657e-05,-0.0008472154152486853,0.0011959711210314285,-0.0016444351794065377,-0.0006996522537351535,0.0008973117207532838,9.951558768480609e-05,0.000849788827175023,-0.0005499387604564691,199.84,199.7,200.75,200.75,0.003792987528876173,0.00409295753412498,0.0054468825,1.1276664110784151,1e-06,0.46975056815546773,0.3052488251328429
2025-11-05,-0.002495134887534149,0.001596766663359255,-3.584212762231063e-07,-0.00029938615321298213,9.956674165221657e-05,-0.0008472154152486853,0.0011959711210314285,-0.0016444351794065377,-0.0006996522537351535,0.0008973117207532838,9.951558768480609e-05,0.000849788827175023,-0.0005499387604564691,0.00409295753412498,200.37,200.34,200.95,200.7,-0.00024909702457846463,-0.004042084553454638,0.0017475886,0.7575157941067994,0.9546047008995713,0.46998365659968894,0.30548393786364864
2025-11-06,0.001596766663359255,-3.584212762231063e-07,-0.00029938615321298213,9.956674165221657e-05,-0.0008472154152486853,0.0011959711210314285,-0.0016444351794065377,-0.0006996522537351535,0.0008973117207532838,9.951558768480609e-05,0.000849788827175023,-0.0005499387604564691,0.00409295753412498,-0.004042084553454638,200.59,200.31,200.95,200.4,-0.0014958865915824689,-0.0012467895670040042,0.005457907,1.1686997867646358,1e-06,0.5390118512806681,0.3467441518209215
2025-11-07,-3.584212762231063e-07,-0.00029938615321298213,9.956674165221657e-05,-0.0008472154152486853,0.0011959711210314285,-0.0016444351794065377,-0.0006996522537351535,0.0008973117207532838,9.951558768480609e-05,0.000849788827175023,-0.0005499387604564691,0.00409295753412498,-0.004042084553454638,-0.0012467895670040042,200.5,200.32,200.67,200.52,0.0005986231845932707,0.0020945097761757396,0.0069544846,0.7827623347116026,1e-06,0.5862830268837583,0.33007895943877097
2025-11-10,-0.00029938615321298213,9.956674165221657e-05,-0.0008472154152486853,0.0011959711210314285,-0.0016444351794065377,-0.0006996522537351535,0.0008973117207532838,9.951558768480609e-05,0.000849788827175023,-0.0005499387604564691,0.00409295753412498,-0.004042084553454638,-0.0012467895670040042,0.0020945097761757396,200.25,200.25,201.52,201.41,0.004428639089487335,0.003830015904894064,0.004479281,0.406590003935739,1e-06,0.5853643495201419,0.33059649554729637
2025-11-11,9.956674165221657e-05,-0.0008472154152486853,0.0011959711210314285,-0.0016444351794065377,-0.0006996522537351535,0.0008973117207532838,9.951558768480609e-05,0.000849788827175023,-0.0005499387604564691,0.00409295753412498,-0.004042084553454638,-0.0012467895670040042,0.0020945097761757396,0.003830015904894064,201.42,200.81,202.03,201.94,0.00262799209138534,-0.001800646998101995,0.0011778293,0.5211833791964153,0.6761240323628486,0.5641831801254631,0.3239980691600927
2025-11-12,-0.0008472154152486853,0.0011959711210314285,-0.0016444351794065377,-0.0006996522537351535,0.0008973117207532838,9.951558768480609e-05,0.000849788827175023,-0.0005499387604564691,0.00409295753412498,-0.004042084553454638,-0.0012467895670040042,0.0020945097761757396,0.003830015904894064,-0.001800646998101995,201.78,201.11,202.2,201.98,0.0001980590222360033,-0.0024299330691493364,0.0030082888,1.1801942753044201,1e-06,0.6355534287978033,0.34261532061110267
2025-11-13,0.0011959711210314285,-0.0016444351794065377,-0.0006996522537351535,0.0008973117207532838,9.951558768480609e-05,0.000849788827175023,-0.0005499387604564691,0.00409295753412498,-0.004042084553454638,-0.0012467895670040042,0.0020945097761757396,0.003830015904894064,-0.001800646998101995,-0.0024299330691493364,201.75,201.33,201.99,201.33,-0.003223329760152942,-0.0034213887823889453,0.0052537015,0.6244279849040322,1e-06,0.6672584580778496,0.3168399228313729
2025-11-14,-0.0016444351794065377,-0.0006996522537351535,0.0008973117207532838,9.951558768480609e-05,0.000849788827175023,-0.0005499387604564691,0.00409295753412498,-0.004042084553454638,-0.0012467895670040042,0.0020945097761757396,0.003830015904894064,-0.001800646998101995,-0.0024299330691493364,-0.0034213887823889453,200.96,200.9,201.8,201.29,-0.00019869852531706624,0.003024631234835876,0.008161033,0.1969446222479615,1e-06,0.645659011214084,0.3387197524232159
2025-11-17,-0.0006996522537351535,0.0008973117207532838,9.951558768480609e-05,0.000849788827175023,-0.0005499387604564691,0.00409295753412498,-0.004042084553454638,-0.0012467895670040042,0.0020945097761757396,0.003830015904894064,-0.001800646998101995,-0.0024299330691493364,-0.0034213887823889453,0.003024631234835876,201.25,200.6,201.45,200.77,-0.0025866800474531573,-0.0023879815221360913,0.0046844548,0.3559897223749472,1e-06,0.6585655512195069,0.32247132069464074
2025-11-18,0.0008973117207532838,9.951558768480609e-05,0.000849788827175023,-0.0005499387604564691,0.00409295753412498,-0.004042084553454638,-0.0012467895670040042,0.0020945097761757396,0.003830015904894064,-0.001800646998101995,-0.0024299330691493364,-0.0034213887823889453,0.003024631234835876,-0.0023879815221360913,201.06,200.83,202.14,201.83,0.005265784646540996,0.007852464693994154,0.0075600618,1.5237231037868577,1e-06,0.7359700406444921,0.38915227787305307
2025-11-19,9.951558768480609e-05,0.000849788827175023,-0.0005499387604564691,0.00409295753412498,-0.004042084553454638,-0.0012467895670040042,0.0020945097761757396,0.003830015904894064,-0.001800646998101995,-0.0024299330691493364,-0.0034213887823889453,0.003024631234835876,-0.0023879815221360913,0.007852464693994154,201.43,201.0,202.14,201.63,-0.0009914242620433949,-0.006257208908584391,0.00022245466,0.7490528191421545,0.08013292746686934,0.7358104013276104,0.38914596918684335
2025-11-20,0.000849788827175023,-0.0005499387604564691,0.00409295753412498,-0.004042084553454638,-0.0012467895670040042,0.0020945097761757396,0.003830015904894064,-0.001800646998101995,-0.0024299330691493364,-0.0034213887823889453,0.003024631234835876,-0.0023879815221360913,0.007852464693994154,-0.006257208908584391,201.53,201.06,202.21,201.06,-0.0028309636727098697,-0.0018395394106664748,0.006132552,0.6743109978427422,1e-06,0.7623644372586599,0.36949544286796376
2025-11-21,-0.0005499387604564691,0.00409295753412498,-0.004042084553454638,-0.0012467895670040042,0.0020945097761757396,0.003830015904894064,-0.001800646998101995,-0.0024299330691493364,-0.0034213887823889453,0.003024631234835876,-0.0023879815221360913,0.007852464693994154,-0.006257208908584391,-0.0018395394106664748,201.3,200.62,201.32,200.69,-0.0018419420266820236,0.000989021646027846,0.007808506,0.046545127183703364,1e-06,0.7225433116128884,0.415097791916266
2025-11-24,0.00409295753412498,-0.004042084553454638,-0.0012467895670040042,0.0020945097761757396,0.003830015904894064,-0.001800646998101995,-0.0024299330691493364,-0.0034213887823889453,0.003024631234835876,-0.0023879815221360913,0.007852464693994154,-0.006257208908584391,-0.0018395394106664748,0.000989021646027846,201.18,201.0,201.89,201.0,0.0015434791084841736,0.0033854211351661972,0.0071884855,0.717665948343636,1e-06,0.69325756427469,0.39844623149376573
2025-11-25,-0.004042084553454638,-0.0012467895670040042,0.0020945097761757396,0.003830015904894064,-0.001800646998101995,-0.0024299330691493364,-0.0034213887823889453,0.003024631234835876,-0.0023879815221360913,0.007852464693994154,-0.006257208908584391,-0.0018395394106664748,0.000989021646027846,0.0033854211351661972,201.0,201.0,201.94,201.68,0.003377374820588986,0.0018338957121048123,0.003840719,0.9229947551521767,1e-06,0.7050774900636455,0.4029283482612031
2025-11-26,-0.0012467895670040042,0.0020945097761757396,0.003830015904894064,-0.001800646998101995,-0.0024299330691493364,-0.0034213887823889453,0.003024631234835876,-0.0023879815221360913,0.007852464693994154,-0.006257208908584391,-0.0018395394106664748,0.000989021646027846,0.0033854211351661972,0.0018338957121048123,201.87,201.3,201.99,201.92,0.0011892964731841818,-0.002188078347404804,0.0030521885,0.376698574041127,0.9412429175246511,0.6485059748691091,0.38815626013567345
2025-11-28,0.0020945097761757396,0.003830015904894064,-0.001800646998101995,-0.0024299330691493364,-0.0034213887823889453,0.003024631234835876,-0.0023879815221360913,0.007852464693994154,-0.006257208908584391,-0.0018395394106664748,0.000989021646027846,0.0033854211351661972,0.0018338957121048123,-0.002188078347404804,201.85,200.2,202.2,201.5,-0.002082197966110382,-0.0032714944392945636,0.004430958,0.030396641591951254,1e-06,0.5947655682177054,0.4189961087665854
2025-12-01,0.003830015904894064,-0.001800646998101995,-0.0024299330691493364,-0.0034213887823889453,0.003024631234835876,-0.0023879815221360913,0.007852464693994154,-0.006257208908584391,-0.0018395394106664748,0.000989021646027846,0.0033854211351661972,0.0018338957121048123,-0.002188078347404804,-0.0032714944392945636,201.74,201.56,202.84,202.58,0.005345488871913768,0.00742768683802415,0.008189823,0.030396641591951254,1e-06,0.5678946137645776,0.44334776909874
2025-12-02,-0.001800646998101995,-0.0024299330691493364,-0.0034213887823889453,0.003024631234835876,-0.0023879815221360913,0.007852464693994154,-0.006257208908584391,-0.0018395394106664748,0.000989021646027846,0.0033854211351661972,0.0018338957121048123,-0.002188078347404804,-0.0032714944392945636,0.00742768683802415,202.82,202.45,203.29,203.2,0.003055845445675754,-0.0022896434262380146,0.0002239441,0.030396641591951254,0.9511914294286223,0.5328384182214017,0.46614302786509715
2025-12-03,-0.0024299330691493364,-0.0034213887823889453,0.003024631234835876,-0.0023879815221360913,0.007852464693994154,-0.006257208908584391,-0.0018395394106664748,0.000989021646027846,0.0033854211351661972,0.0018338957121048123,-0.002188078347404804,-0.0032714944392945636,0.00742768683802415,-0.0022896434262380146,202.88,202.58,203.37,203.19,-4.921380940459375e-05,-0.0031050592550803478,0.0032600234,0.030396641591951254,1e-06,0.4507100158133682,0.4440814445405305
2025-12-04,-0.0034213887823889453,0.003024631234835876,-0.0023879815221360913,0.007852464693994154,-0.006257208908584391,-0.0018395394106664748,0.000989021646027846,0.0033854211351661972,0.0018338957121048123,-0.002188078347404804,-0.0032714944392945636,0.00742768683802415,-0.0022896434262380146,-0.0031050592550803478,203.13,202.84,203.56,203.45,0.001278772552777239,0.0013279863621818327,0.005293275,0.030396641591951254,1e-06,0.40827920557679104,0.45446405041622795
2025-12-05,0.003024631234835876,-0.0023879815221360913,0.007852464693994154,-0.006257208908584391,-0.0018395394106664748,0.000989021646027846,0.0033854211351661972,0.0018338957121048123,-0.002188078347404804,-0.0032714944392945636,0.00742768683802415,-0.0022896434262380146,-0.0031050592550803478,0.0013279863621818327,203.38,203.21,203.95,203.75,0.0014734776732735079,0.00019470512049626887,0.0043106615,0.030396641591951254,0.9447561458849312,0.39638292124421887,0.4625298389118343
2025-12-08,-0.0023879815221360913,0.007852464693994154,-0.006257208908584391,-0.0018395394106664748,0.000989021646027846,0.0033854211351661972,0.0018338957121048123,-0.002188078347404804,-0.0032714944392945636,0.00742768683802415,-0.0022896434262380146,-0.0031050592550803478,0.0013279863621818327,0.00019470512049626887,204.47,203.24,204.56,203.54,-0.0010312063571863855,-0.0025046840304598934,0.0037608624,0.030396641591951254,1e-06,0.37312627261686204,0.472788960644342
2025-12-09,0.007852464693994154,-0.006257208908584391,-0.0018395394106664748,0.000989021646027846,0.0033854211351661972,0.0018338957121048123,-0.002188078347404804,-0.0032714944392945636,0.00742768683802415,-0.0022896434262380146,-0.0031050592550803478,0.0013279863621818327,0.00019470512049626887,-0.0025046840304598934,203.55,203.55,203.94,203.82,0.0013747056367622407,0.0024059119939486263,0.0067239017,0.030396641591951254,0.18648181251192092,0.26646009674579735,0.34420312943060477
2025-12-10,-0.006257208908584391,-0.0018395394106664748,0.000989021646027846,0.0033854211351661972,0.0018338957121048123,-0.002188078347404804,-0.0032714944392945636,0.00742768683802415,-0.0022896434262380146,-0.0031050592550803478,0.0013279863621818327,0.00019470512049626887,-0.0025046840304598934,0.0024059119939486263,203.69,203.51,203.74,203.54,-0.0013747056367618225,-0.002749411273524063,0.004211082,0.43931215465092777,1e-06,0.24433576356785255,0.31989356626370297
2025-12-11,-0.0018395394106664748,0.000989021646027846,0.0033854211351661972,0.0018338957121048123,-0.002188078347404804,-0.0032714944392945636,0.00742768683802415,-0.0022896434262380146,-0.0031050592550803478,0.0013279863621818327,0.00019470512049626887,-0.0025046840304598934,0.0024059119939486263,-0.002749411273524063,203.55,203.55,203.89,203.63,0.00044207579863823773,0.0018167814354000601,0.0064306096,0.43931215465092777,1e-06,0.2275501319112944,0.30121639366311065
2025-12-12,0.000989021646027846,0.0033854211351661972,0.0018338957121048123,-0.002188078347404804,-0.0032714944392945636,0.00742768683802415,-0.0022896434262380146,-0.0031050592550803478,0.0013279863621818327,0.00019470512049626887,-0.0025046840304598934,0.0024059119939486263,-0.002749411273524063,0.0018167814354000601,203.44,203.25,203.94,203.7,0.00034370167033676366,-9.837412830147408e-05,0.004611053,0.6254978689107131,1e-06,0.2689038991775094,0.3139285585380776
2025-12-15,0.0033854211351661972,0.0018338957121048123,-0.002188078347404804,-0.0032714944392945636,0.00742768683802415,-0.0022896434262380146,-0.0031050592550803478,0.0013279863621818327,0.00019470512049626887,-0.0025046840304598934,0.0024059119939486263,-0.002749411273524063,0.0018167814354000601,-9.837412830147408e-05,203.78,203.7,204.28,204.12,0.002059732963010784,0.0017160312926740202,0.0056608506,0.6254978689107131,1e-06,0.2623204649323006,0.304622075850766
2025-12-16,0.0018338957121048123,-0.002188078347404804,-0.0032714944392945636,0.00742768683802415,-0.0022896434262380146,-0.0031050592550803478,0.0013279863621818327,0.00019470512049626887,-0.0025046840304598934,0.0024059119939486263,-0.002749411273524063,0.0018167814354000601,-9.837412830147408e-05,0.0017160312926740202,204.16,204.0,204.33,204.2,0.0003918495347946864,-0.0016678834282160973,0.004231886,0.6254978689107131,1e-06,0.24107068734362466,0.26244640252530904
2025-12-17,-0.002188078347404804,-0.0032714944392945636,0.00742768683802415,-0.0022896434262380146,-0.0031050592550803478,0.0013279863621818327,0.00019470512049626887,-0.0025046840304598934,0.0024059119939486263,-0.002749411273524063,0.0018167814354000601,-9.837412830147408e-05,0.0017160312926740202,-0.0016678834282160973,204.16,203.53,204.26,203.65,-0.0026970716361432345,-0.003088921170937921,0.005834551,0.28150614038999355,1e-06,0.23427122779711515,0.2598828626207591
2025-12-18,-0.0032714944392945636,0.00742768683802415,-0.0022896434262380146,-0.0031050592550803478,0.0013279863621818327,0.00019470512049626887,-0.0025046840304598934,0.0024059119939486263,-0.002749411273524063,0.0018167814354000601,-9.837412830147408e-05,0.0017160312926740202,-0.0016678834282160973,-0.003088921170937921,203.85,203.43,204.09,203.84,0.0009325382893770839,0.0036296099255203186,0.0085309455,0.6445736953771577,1e-06,0.27814101735320135,0.2742609340915067
2025-12-19,0.00742768683802415,-0.0022896434262380146,-0.0031050592550803478,0.0013279863621818327,0.00019470512049626887,-0.0025046840304598934,0.0024059119939486263,-0.002749411273524063,0.0018167814354000601,-9.837412830147408e-05,0.0017160312926740202,-0.0016678834282160973,-0.003088921170937921,0.0036296099255203186,203.75,203.35,204.48,203.87,0.00014716342524924385,-0.0007853748641278401,0.004976831,0.3251564275285049,0.5829259751646518,0.29919528777724086,0.2649346799645696
2025-12-22,-0.0022896434262380146,-0.0031050592550803478,0.0013279863621818327,0.00019470512049626887,-0.0025046840304598934,0.0024059119939486263,-0.002749411273524063,0.0018167814354000601,-9.837412830147408e-05,0.0017160312926740202,-0.0016678834282160973,-0.003088921170937921,0.0036296099255203186,-0.0007853748641278401,204.11,203.72,204.17,203.74,-0.0006378646471269872,-0.0007850280723762311,0.006111474,0.3767722577248655,1e-06,0.32393640321530615,0.2538428883254988
2025-12-23,-0.0031050592550803478,0.0013279863621818327,0.00019470512049626887,-0.0025046840304598934,0.0024059119939486263,-0.002749411273524063,0.0018167814354000601,-9.837412830147408e-05,0.0017160312926740202,-0.0016678834282160973,-0.003088921170937921,0.0036296099255203186,-0.0007853748641278401,-0.0007850280723762311,203.82,203.81,204.36,204.21,0.00230420496604974,0.002942069613176727,0.0062636514,0.21626971200611525,1e-06,0.3372130511020321,0.24188832592257517
2025-12-24,0.0013279863621818327,0.00019470512049626887,-0.0025046840304598934,0.0024059119939486263,-0.002749411273524063,0.0018167814354000601,-9.837412830147408e-05,0.0017160312926740202,-0.0016678834282160973,-0.003088921170937921,0.0036296099255203186,-0.0007853748641278401,-0.0007850280723762311,0.002942069613176727,204.23,204.23,204.65,204.63,0.002054594206768181,-0.000249610759281559,0.0030622596,0.21626971200611525,1e-06,0.35048969898875804,0.2284820679125332
2025-12-26,0.00019470512049626887,-0.0025046840304598934,0.0024059119939486263,-0.002749411273524063,0.0018167814354000601,-9.837412830147408e-05,0.0017160312926740202,-0.0016678834282160973,-0.003088921170937921,0.0036296099255203186,-0.0007853748641278401,-0.0007850280723762311,0.002942069613176727,-0.000249610759281559,204.4,204.24,204.74,204.7,0.0003420223325064717,-0.0017125718742617092,0.00367845,0.21626971200611525,1e-06,0.363766346875484,0.21335063012167574
2025-12-29,-0.0025046840304598934,0.0024059119939486263,-0.002749411273524063,0.0018167814354000601,-9.837412830147408e-05,0.0017160312926740202,-0.0016678834282160973,-0.003088921170937921,0.0036296099255203186,-0.0007853748641278401,-0.0007850280723762311,0.002942069613176727,-0.000249610759281559,-0.0017125718742617092,204.49,204.22,204.59,204.28,-0.002053890887800456,-0.0023959132203069276,0.005104637,0.8987832210928282,1e-06,0.4257939596969752,0.23418995193200914
2025-12-30,0.0024059119939486263,-0.002749411273524063,0.0018167814354000601,-9.837412830147408e-05,0.0017160312926740202,-0.0016678834282160973,-0.003088921170937921,0.0036296099255203186,-0.0007853748641278401,-0.0007850280723762311,0.002942069613176727,-0.000249610759281559,-0.0017125718742617092,-0.0023959132203069276,204.27,204.24,204.5,204.33,0.00024473214189379657,0.0022986230296942528,0.007416797,0.8987832210928282,1e-06,0.48782157251846636,0.23639926986666623
2025-12-31,-0.002749411273524063,0.0018167814354000601,-9.837412830147408e-05,0.0017160312926740202,-0.0016678834282160973,-0.003088921170937921,0.0036296099255203186,-0.0007853748641278401,-0.0007850280723762311,0.002942069613176727,-0.000249610759281559,-0.0017125718742617092,-0.0023959132203069276,0.0022986230296942528,204.33,204.22,204.87,204.74,0.002004547570288304,0.0017598154283945077,0.0049657957,0.8987832210928282,1e-06,0.5206409344071735,0.2598752301342927
2026-01-02,0.0018167814354000601,-9.837412830147408e-05,0.0017160312926740202,-0.0016678834282160973,-0.003088921170937921,0.0036296099255203186,-0.0007853748641278401,-0.0007850280723762311,0.002942069613176727,-0.000249610759281559,-0.0017125718742617092,-0.0023959132203069276,0.0022986230296942528,0.0017598154283945077,204.35,203.71,204.64,204.42,-0.0015641805906943698,-0.003568728160982674,0.0035304518,0.5809467896028451,1e-06,0.5307576940465962,0.25922166046149425
2026-01-05,-9.837412830147408e-05,0.0017160312926740202,-0.0016678834282160973,-0.003088921170937921,0.0036296099255203186,-0.0007853748641278401,-0.0007850280723762311,0.002942069613176727,-0.000249610759281559,-0.0017125718742617092,-0.0023959132203069276,0.0022986230296942528,0.0017598154283945077,-0.003568728160982674,204.35,204.28,204.56,204.34,-0.0003914277376523281,0.0011727528530420417,0.0066627995,0.5809467896028451,1e-06,0.5275754740960342,0.25824076028261556
2026-01-06,0.0017160312926740202,-0.0016678834282160973,-0.003088921170937921,0.0036296099255203186,-0.0007853748641278401,-0.0007850280723762311,0.002942069613176727,-0.000249610759281559,-0.0017125718742617092,-0.0023959132203069276,0.0022986230296942528,0.0017598154283945077,-0.003568728160982674,0.0011727528530420417,204.32,204.21,204.67,204.28,-0.00029367138383425015,9.775635381807792e-05,0.005693674,1.1026613968592445,1e-06,0.5616585832352151,0.3002331888691916
2026-01-07,-0.0016678834282160973,-0.003088921170937921,0.0036296099255203186,-0.0007853748641278401,-0.0007850280723762311,0.002942069613176727,-0.000249610759281559,-0.0017125718742617092,-0.0023959132203069276,0.0022986230296942528,0.0017598154283945077,-0.003568728160982674,0.0011727528530420417,9.775635381807792e-05,204.15,204.15,204.5,204.47,0.0009296636755199546,0.0012233350593542048,0.0049660318,0.15117356588716158,1e-06,0.5277782758763899,0.31867174115969904
2026-01-08,-0.003088921170937921,0.0036296099255203186,-0.0007853748641278401,-0.0007850280723762311,0.002942069613176727,-0.000249610759281559,-0.0017125718742617092,-0.0023959132203069276,0.0022986230296942528,0.0017598154283945077,-0.003568728160982674,0.0011727528530420417,9.775635381807792e-05,0.0012233350593542048,204.35,204.19,204.43,204.24,-0.001125492521734258,-0.002055156197254213,0.004376013,0.6522507389950172,1e-06,0.5542600329196059,0.31196613264796375
2026-01-09,0.0036296099255203186,-0.0007853748641278401,-0.0007850280723762311,0.002942069613176727,-0.000249610759281559,-0.0017125718742617092,-0.0023959132203069276,0.0022986230296942528,0.0017598154283945077,-0.003568728160982674,0.0011727528530420417,9.775635381807792e-05,0.0012233350593542048,-0.002055156197254213,204.19,204.1,204.26,204.15,-0.0004407551676433638,0.0006847373540908943,0.0059086555,0.07359856686971003,1e-06,0.5134760951690739,0.3356726377075232
2026-01-12,-0.0007853748641278401,-0.0007850280723762311,0.002942069613176727,-0.000249610759281559,-0.0017125718742617092,-0.0023959132203069276,0.0022986230296942528,0.0017598154283945077,-0.003568728160982674,0.0011727528530420417,9.775635381807792e-05,0.0012233350593542048,-0.002055156197254213,0.0006847373540908943,204.15,204.05,204.38,204.2,0.0002448879649806507,0.0006856431326240145,0.005942758,0.4486740177099848,1e-06,0.5222987801820368,0.3319447140486439
2026-01-13,-0.0007850280723762311,0.002942069613176727,-0.000249610759281559,-0.0017125718742617092,-0.0023959132203069276,0.0022986230296942528,0.0017598154283945077,-0.003568728160982674,0.0011727528530420417,9.775635381807792e-05,0.0012233350593542048,-0.002055156197254213,0.0006847373540908943,0.0006856431326240145,204.2,204.17,204.59,204.33,0.000636428190771905,0.00039154022579125425,0.0050045666,1.2624404581467858,1e-06,0.5855607944978881,0.382606183527043
2026-01-14,0.002942069613176727,-0.000249610759281559,-0.0017125718742617092,-0.0023959132203069276,0.0022986230296942528,0.0017598154283945077,-0.003568728160982674,0.0011727528530420417,9.775635381807792e-05,0.0012233350593542048,-0.002055156197254213,0.0006847373540908943,0.0006856431326240145,0.00039154022579125425,204.22,204.18,204.35,204.22,-0.0005384897939446244,-0.0011749179847165294,0.0050504147,0.7048559370033183,1e-06,0.6204598105691169,0.36834783317379277
2026-01-15,-0.000249610759281559,-0.0017125718742617092,-0.0023959132203069276,0.0022986230296942528,0.0017598154283945077,-0.003568728160982674,0.0011727528530420417,9.775635381807792e-05,0.0012233350593542048,-0.002055156197254213,0.0006847373540908943,0.0006856431326240145,0.00039154022579125425,-0.0011749179847165294,204.2,204.1,204.36,204.11,-0.0005387799214403268,-2.901274957023761e-07,0.0058308393,0.21790954686127123,1e-06,0.6205769416301995,0.3682096526133173
2026-01-16,-0.0017125718742617092,-0.0023959132203069276,0.0022986230296942528,0.0017598154283945077,-0.003568728160982674,0.0011727528530420417,9.775635381807792e-05,0.0012233350593542048,-0.002055156197254213,0.0006847373540908943,0.0006856431326240145,0.00039154022579125425,-0.0011749179847165294,-2.901274957023761e-07,204.17,204.12,204.32,204.23,0.0005877455231154511,0.0011265254445557778,0.0057385755,0.17093461758697118,1e-06,0.6173387206002606,0.3722163975842349
2026-01-20,-0.0023959132203069276,0.0022986230296942528,0.0017598154283945077,-0.003568728160982674,0.0011727528530420417,9.775635381807792e-05,0.0012233350593542048,-0.002055156197254213,0.0006847373540908943,0.0006856431326240145,0.00039154022579125425,-0.0011749179847165294,-2.901274957023761e-07,0.0011265254445557778,204.08,203.69,204.13,204.02,-0.0010287814746933357,-0.0016165269978087868,0.0041912226,0.5685102626806023,1e-06,0.5937477949993875,0.36336751610170787
2026-01-21,0.0022986230296942528,0.0017598154283945077,-0.003568728160982674,0.0011727528530420417,9.775635381807792e-05,0.0012233350593542048,-0.002055156197254213,0.0006847373540908943,0.0006856431326240145,0.00039154022579125425,-0.0011749179847165294,-2.901274957023761e-07,0.0011265254445557778,-0.0016165269978087868,203.85,203.81,204.28,204.15,0.0006369895112121139,0.0016657709859054497,0.0058071567,0.8256078600636615,1e-06,0.5885209834973041,0.35914400129216756
2026-01-22,0.0017598154283945077,-0.003568728160982674,0.0011727528530420417,9.775635381807792e-05,0.0012233350593542048,-0.002055156197254213,0.0006847373540908943,0.0006856431326240145,0.00039154022579125425,-0.0011749179847165294,-2.901274957023761e-07,0.0011265254445557778,-0.0016165269978087868,0.0016657709859054497,203.94,203.81,204.46,204.32,0.0008323745186444945,0.00019538500743238063,0.004523288,0.6678146510833316,1e-06,0.5720232284966258,0.34895577683166906
2026-01-23,-0.003568728160982674,0.0011727528530420417,9.775635381807792e-05,0.0012233350593542048,-0.002055156197254213,0.0006847373540908943,0.0006856431326240145,0.00039154022579125425,-0.0011749179847165294,-2.901274957023761e-07,0.0011265254445557778,-0.0016165269978087868,0.0016657709859054497,0.00019538500743238063,203.83,203.83,204.25,204.13,-0.0009303464987362529,-0.0017627210173807475,0.0043461155,0.17167910460864605,1e-06,0.5427898224256116,0.36492815347219704
2026-01-26,0.0011727528530420417,9.775635381807792e-05,0.0012233350593542048,-0.002055156197254213,0.0006847373540908943,0.0006856431326240145,0.00039154022579125425,-0.0011749179847165294,-2.901274957023761e-07,0.0011265254445557778,-0.0016165269978087868,0.0016657709859054497,0.00019538500743238063,-0.0017627210173807475,204.01,203.96,204.48,204.3,0.0008324560380840009,0.0017628025368202538,0.0055409097,0.7935351700403368,1e-06,0.5579747067425752,0.3710103034852006
2026-01-27,9.775635381807792e-05,0.0012233350593542048,-0.002055156197254213,0.0006847373540908943,0.0006856431326240145,0.00039154022579125425,-0.0011749179847165294,-2.901274957023761e-07,0.0011265254445557778,-0.0016165269978087868,0.0016657709859054497,0.00019538500743238063,-0.0017627210173807475,0.0017628025368202538,204.19,204.02,204.41,204.35,0.0002447081867101281,-0.0005877478513738728,0.00430233,0.3499718404734825,1e-06,0.5042111670007351,0.33917850257375143
2026-01-28,0.0012233350593542048,-0.002055156197254213,0.0006847373540908943,0.0006856431326240145,0.00039154022579125425,-0.0011749179847165294,-2.901274957023761e-07,0.0011265254445557778,-0.0016165269978087868,0.0016657709859054497,0.00019538500743238063,-0.0017627210173807475,0.0017628025368202538,-0.0005877478513738728,204.07,203.8,204.42,203.99,-0.0017632369754129842,-0.0020079451621231124,0.004823669,0.5211388437763266,1e-06,0.5306372582785326,0.3236119468822683
2026-01-29,-0.002055156197254213,0.0006847373540908943,0.0006856431326240145,0.00039154022579125425,-0.0011749179847165294,-2.901274957023761e-07,0.0011265254445557778,-0.0016165269978087868,0.0016657709859054497,0.00019538500743238063,-0.0017627210173807475,0.0017628025368202538,-0.0005877478513738728,-0.0020079451621231124,203.88,203.61,204.03,203.88,-0.0005393875630318646,0.0012238494123811196,0.006659329,0.3272011863258159,1e-06,0.5074194330878754,0.32586812471063215
2026-01-30,0.0006847373540908943,0.0006856431326240145,0.00039154022579125425,-0.0011749179847165294,-2.901274957023761e-07,0.0011265254445557778,-0.0016165269978087868,0.0016657709859054497,0.00019538500743238063,-0.0017627210173807475,0.0017628025368202538,-0.0005877478513738728,-0.0020079451621231124,0.0012238494123811196,203.85,203.01,203.92,203.92,0.00019617459601923377,0.0007355621590510984,0.0053122058,0.3272727396896203,1e-06,0.5255390168607261,0.30635904876494946
2026-02-02,0.0006856431326240145,0.00039154022579125425,-0.0011749179847165294,-2.901274957023761e-07,0.0011265254445557778,-0.0016165269978087868,0.0016657709859054497,0.00019538500743238063,-0.0017627210173807475,0.0017628025368202538,-0.0005877478513738728,-0.0020079451621231124,0.0012238494123811196,0.0007355621590510984,203.76,203.51,204.1,203.57,-0.0017178339889048827,-0.0019140085849241165,0.0048224884,0.6417711040600096,1e-06,0.5393316658857279,0.30697840284126
2026-02-03,0.00039154022579125425,-0.0011749179847165294,-2.901274957023761e-07,0.0011265254445557778,-0.0016165269978087868,0.0016657709859054497,0.00019538500743238063,-0.0017627210173807475,0.0017628025368202538,-0.0005877478513738728,-0.0020079451621231124,0.0012238494123811196,0.0007355621590510984,-0.0019140085849241165,203.66,201.19,203.84,201.56,-0.009922822266557248,-0.008204988277652366,0.006408308,0.6322113322957645,1e-06,0.49431529975351207,0.22911775599414771
2026-02-04,-0.0011749179847165294,-2.901274957023761e-07,0.0011265254445557778,-0.0016165269978087868,0.0016657709859054497,0.00019538500743238063,-0.0017627210173807475,0.0017628025368202538,-0.0005877478513738728,-0.0020079451621231124,0.0012238494123811196,0.0007355621590510984,-0.0019140085849241165,-0.008204988277652366,200.51,196.3,201.38,197.04,-0.022680350000114684,-0.012757527733557436,0.013410841,0.3797446520487269,1e-06,0.4710930651138984,0.2225176850866288
2026-02-05,-2.901274957023761e-07,0.0011265254445557778,-0.0016165269978087868,0.0016657709859054497,0.00019538500743238063,-0.0017627210173807475,0.0017628025368202538,-0.0005877478513738728,-0.0020079451621231124,0.0012238494123811196,0.0007355621590510984,-0.0019140085849241165,-0.008204988277652366,-0.012757527733557436,196.86,196.21,199.68,197.93,0.004506679020361525,0.02718702902047621,0.02381933,0.16293632657059653,1e-06,0.4671664065217073,0.22775262944004873
2026-02-06,0.0011265254445557778,-0.0016165269978087868,0.0016657709859054497,0.00019538500743238063,-0.0017627210173807475,0.0017628025368202538,-0.0005877478513738728,-0.0020079451621231124,0.0012238494123811196,0.0007355621590510984,-0.0019140085849241165,-0.008204988277652366,-0.012757527733557436,0.02718702902047621,198.59,197.93,200.24,200.0,0.010403933715393103,0.005897254695031578,-0.0038330893,0.6217558521515003,1e-06,0.49936792327631657,0.21410886504939472
2026-02-09,-0.0016165269978087868,0.0016657709859054497,0.00019538500743238063,-0.0017627210173807475,0.0017628025368202538,-0.0005877478513738728,-0.0020079451621231124,0.0012238494123811196,0.0007355621590510984,-0.0019140085849241165,-0.008204988277652366,-0.012757527733557436,0.02718702902047621,0.005897254695031578,199.64,199.42,202.02,200.88,0.004390348301293075,-0.006013585414100028,-0.005711326,0.3540011401588403,1e-06,0.4840458430961907,0.216442920485286
2026-02-10,0.0016657709859054497,0.00019538500743238063,-0.0017627210173807475,0.0017628025368202538,-0.0005877478513738728,-0.0020079451621231124,0.0012238494123811196,0.0007355621590510984,-0.0019140085849241165,-0.008204988277652366,-0.012757527733557436,0.02718702902047621,0.005897254695031578,-0.006013585414100028,200.5,200.5,203.29,202.5,0.008032171697264473,0.003641823395971398,-0.0010678536,0.666129480372693,1e-06,0.47265453026112153,0.2007085838458071
2026-02-11,0.00019538500743238063,-0.0017627210173807475,0.0017628025368202538,-0.0005877478513738728,-0.0020079451621231124,0.0012238494123811196,0.0007355621590510984,-0.0019140085849241165,-0.008204988277652366,-0.012757527733557436,0.02718702902047621,0.005897254695031578,-0.006013585414100028,0.003641823395971398,202.03,201.12,202.67,201.95,-0.002719744537171765,-0.010751916234436238,-0.0015244742,0.5343917557276809,1e-06,0.4631243234500036,0.19377695894724584
2026-02-12,-0.0017627210173807475,0.0017628025368202538,-0.0005877478513738728,-0.0020079451621231124,0.0012238494123811196,0.0007355621590510984,-0.0019140085849241165,-0.008204988277652366,-0.012757527733557436,0.02718702902047621,0.005897254695031578,-0.006013585414100028,0.003641823395971398,-0.010751916234436238,202.15,200.16,202.45,200.2,-0.008703275128301477,-0.005983530591129712,0.006784586,0.714253676399106,1e-06,0.501879650006465,0.18506581142541847
2026-02-13,0.0017628025368202538,-0.0005877478513738728,-0.0020079451621231124,0.0012238494123811196,0.0007355621590510984,-0.0019140085849241165,-0.008204988277652366,-0.012757527733557436,0.02718702902047621,0.005897254695031578,-0.006013585414100028,0.003641823395971398,-0.010751916234436238,-0.005983530591129712,200.01,199.89,201.06,200.37,0.000848790524534283,0.00955206565283576,0.014334936,0.14417158129249727,1e-06,0.4554965365244764,0.1877015274496305
2026-02-17,-0.0005877478513738728,-0.0020079451621231124,0.0012238494123811196,0.0007355621590510984,-0.0019140085849241165,-0.008204988277652366,-0.012757527733557436,0.02718702902047621,0.005897254695031578,-0.006013585414100028,0.003641823395971398,-0.010751916234436238,-0.005983530591129712,0.00955206565283576,199.89,199.1,200.23,199.32,-0.005254083992450264,-0.006102874516984547,0.0021696598,0.3380088008564182,1e-06,0.45464203369468603,0.18824532038203706
2026-02-18,-0.0020079451621231124,0.0012238494123811196,0.0007355621590510984,-0.0019140085849241165,-0.008204988277652366,-0.012757527733557436,0.02718702902047621,0.005897254695031578,-0.006013585414100028,0.003641823395971398,-0.010751916234436238,-0.005983530591129712,0.00955206565283576,-0.006102874516984547,199.29,199.01,200.69,200.17,0.00425543208941087,0.009509516081861135,0.0090853255,0.3273142667258876,1e-06,0.4407974210482261,0.19009694221110623
2026-02-19,0.0012238494123811196,0.0007355621590510984,-0.0019140085849241165,-0.008204988277652366,-0.012757527733557436,0.02718702902047621,0.005897254695031578,-0.006013585414100028,0.003641823395971398,-0.010751916234436238,-0.005983530591129712,0.00955206565283576,-0.006102874516984547,0.009509516081861135,200.02,199.17,200.08,199.61,-0.0028015426798229403,-0.007056974769233811,-0.0032016893,0.03077951063025093,1e-06,0.41962444421282863,0.21815898749827925
2026-02-20,0.0007355621590510984,-0.0019140085849241165,-0.008204988277652366,-0.012757527733557436,0.02718702902047621,0.005897254695031578,-0.006013585414100028,0.003641823395971398,-0.010751916234436238,-0.005983530591129712,0.00955206565283576,-0.006102874516984547,0.009509516081861135,-0.007056974769233811,199.57,199.57,200.5,200.3,0.0034507798489814864,0.006252322528804427,0.004817353,0.6673464110203688,1e-06,0.44391542073645357,0.22588119472338392
2026-02-23,-0.0019140085849241165,-0.008204988277652366,-0.012757527733557436,0.02718702902047621,0.005897254695031578,-0.006013585414100028,0.003641823395971398,-0.010751916234436238,-0.005983530591129712,0.00955206565283576,-0.006102874516984547,0.009509516081861135,-0.007056974769233811,0.006252322528804427,200.07,199.89,200.94,200.26,-0.00019972039211576541,-0.0036505002410972516,-0.0031903216,0.6341757127562386,1e-06,0.4433728927861842,0.2253779851151888
2026-02-24,-0.008204988277652366,-0.012757527733557436,0.02718702902047621,0.005897254695031578,-0.006013585414100028,0.003641823395971398,-0.010751916234436238,-0.005983530591129712,0.00955206565283576,-0.006102874516984547,0.009509516081861135,-0.007056974769233811,0.006252322528804427,-0.0036505002410972516,200.23,200.0,201.13,200.96,0.0034893610001774534,0.0036890813922932186,0.0024165388,0.44537033679351923,1e-06,0.4300271073931667,0.21877079048227763
2026-02-25,-0.012757527733557436,0.02718702902047621,0.005897254695031578,-0.006013585414100028,0.003641823395971398,-0.010751916234436238,-0.005983530591129712,0.00955206565283576,-0.006102874516984547,0.009509516081861135,-0.007056974769233811,0.006252322528804427,-0.0036505002410972516,0.0036890813922932186,200.61,200.61,201.89,201.82,0.0042703277565489944,0.000780966756371541,-0.00017473174,0.46852313456005074,0.4727820438300595,0.43636842757254696,0.2184876708362162
2026-02-26,0.02718702902047621,0.005897254695031578,-0.006013585414100028,0.003641823395971398,-0.010751916234436238,-0.005983530591129712,0.00955206565283576,-0.006102874516984547,0.009509516081861135,-0.007056974769233811,0.006252322528804427,-0.0036505002410972516,0.0036890813922932186,0.000780966756371541,201.61,200.75,201.91,201.11,-0.003524188989870918,-0.0077945167464199125,0.0019970508,0.5799245412302447,1e-06,0.46615330004823613,0.20643540861849585
2026-02-27,0.005897254695031578,-0.006013585414100028,0.003641823395971398,-0.010751916234436238,-0.005983530591129712,0.00955206565283576,-0.006102874516984547,0.009509516081861135,-0.007056974769233811,0.006252322528804427,-0.0036505002410972516,0.0036890813922932186,0.000780966756371541,-0.0077945167464199125,200.63,200.0,201.23,200.04,-0.00533467549580838,-0.001810486505937462,0.009906824,0.3389735214579564,1e-06,0.44595456214155443,0.20385764429511813
2026-03-02,-0.006013585414100028,0.003641823395971398,-0.010751916234436238,-0.005983530591129712,0.00955206565283576,-0.006102874516984547,0.009509516081861135,-0.007056974769233811,0.006252322528804427,-0.0036505002410972516,0.0036890813922932186,0.000780966756371541,-0.0077945167464199125,-0.001810486505937462,200.1,199.93,201.23,201.01,0.0048373115146020445,0.010171987010410425,0.012444383,0.26197870737177964,1e-06,0.43938153122819296,0.20848169552868884
2026-03-03,0.003641823395971398,-0.010751916234436238,-0.005983530591129712,0.00955206565283576,-0.006102874516984547,0.009509516081861135,-0.007056974769233811,0.006252322528804427,-0.0036505002410972516,0.0036890813922932186,0.000780966756371541,-0.0077945167464199125,-0.001810486505937462,0.010171987010410425,200.61,200.29,201.4,201.1,0.000447638713301891,-0.004389672801300154,-0.001194621,0.6405221515774928,1e-06,0.43755243631425006,0.2064416669881733
2026-03-04,-0.010751916234436238,-0.005983530591129712,0.00955206565283576,-0.006102874516984547,0.009509516081861135,-0.007056974769233811,0.006252322528804427,-0.0036505002410972516,0.0036890813922932186,0.000780966756371541,-0.0077945167464199125,-0.001810486505937462,0.010171987010410425,-0.004389672801300154,200.61,200.61,201.85,201.66,0.0027808141864630815,0.0023331754731611906,0.004402895,1.1788620940968477,1e-06,0.4835860319120477,0.2861590429626852
2026-03-05,-0.005983530591129712,0.00955206565283576,-0.006102874516984547,0.009509516081861135,-0.007056974769233811,0.006252322528804427,-0.0036505002410972516,0.0036890813922932186,0.000780966756371541,-0.0077945167464199125,-0.001810486505937462,0.010171987010410425,-0.004389672801300154,0.0023331754731611906,201.12,200.58,201.39,200.66,-0.004971177467602342,-0.007751991654065423,0.00045022953,0.480380379265706,0.6470438940302579,0.46688079640251917,0.27837810172895816
2026-03-06,0.00955206565283576,-0.006102874516984547,0.009509516081861135,-0.007056974769233811,0.006252322528804427,-0.0036505002410972516,0.0036890813922932186,0.000780966756371541,-0.0077945167464199125,-0.001810486505937462,0.010171987010410425,-0.004389672801300154,0.0023331754731611906,-0.007751991654065423,197.79,197.39,198.77,198.01,-0.01329439902776336,-0.008323221560161017,0.0088234665,0.6094402939518392,0.25535836774265763,0.5001142758781865,0.2643055126757946
2026-03-09,-0.006102874516984547,0.009509516081861135,-0.007056974769233811,0.006252322528804427,-0.0036505002410972516,0.0036890813922932186,0.000780966756371541,-0.0077945167464199125,-0.001810486505937462,0.010171987010410425,-0.004389672801300154,0.0023331754731611906,-0.007751991654065423,-0.008323221560161017,197.54,196.86,199.93,199.15,0.0057407751579504045,0.019035174185713766,0.0156141985,0.17484333599307597,1e-06,0.4884595998165192,0.2753693479206073
2026-03-10,0.009509516081861135,-0.007056974769233811,0.006252322528804427,-0.0036505002410972516,0.0036890813922932186,0.000780966756371541,-0.0077945167464199125,-0.001810486505937462,0.010171987010410425,-0.004389672801300154,0.0023331754731611906,-0.007751991654065423,-0.008323221560161017,0.019035174185713766,198.84,198.5,200.53,200.08,0.004658976941710539,-0.0010817982162398656,-0.002072059,0.5937635516462243,1e-06,0.5074916915965432,0.2725686402913534
2026-03-11,-0.007056974769233811,0.006252322528804427,-0.0036505002410972516,0.0036890813922932186,0.000780966756371541,-0.0077945167464199125,-0.001810486505937462,0.010171987010410425,-0.004389672801300154,0.0023331754731611906,-0.007751991654065423,-0.008323221560161017,0.019035174185713766,-0.0010817982162398656,199.8,198.05,200.58,199.93,-0.0007499812856221258,-0.005408958227332665,0.00088404876,0.2228312916020129,1e-06,0.521209675951669,0.2506852307990835
2026-03-12,0.006252322528804427,-0.0036505002410972516,0.0036890813922932186,0.000780966756371541,-0.0077945167464199125,-0.001810486505937462,0.010171987010410425,-0.004389672801300154,0.0023331754731611906,-0.007751991654065423,-0.008323221560161017,0.019035174185713766,-0.0010817982162398656,-0.005408958227332665,199.17,198.62,199.88,199.18,-0.0037583667802475094,-0.0030083854946253838,0.005057318,0.43539565498859156,0.37589731637930873,0.5046417648065421,0.2479338102694717
2026-03-13,-0.0036505002410972516,0.0036890813922932186,0.000780966756371541,-0.0077945167464199125,-0.001810486505937462,0.010171987010410425,-0.004389672801300154,0.0023331754731611906,-0.007751991654065423,-0.008323221560161017,0.019035174185713766,-0.0010817982162398656,-0.005408958227332665,-0.0030083854946253838,198.7,198.7,199.8,199.22,0.0002008032135262304,0.00395916999377374,0.00906923,0.34290650410196993,1e-06,0.4838368213312371,0.24844821113853466
2026-03-16,0.0036890813922932186,0.000780966756371541,-0.0077945167464199125,-0.001810486505937462,0.010171987010410425,-0.004389672801300154,0.0023331754731611906,-0.007751991654065423,-0.008323221560161017,0.019035174185713766,-0.0010817982162398656,-0.005408958227332665,-0.0030083854946253838,0.00395916999377374,199.53,199.36,200.34,200.22,0.00500702027431829,0.0048062170607920595,0.003137252,1.0549574881459387,0.20594998132956024,0.5273787607135528,0.29096671972937505
2026-03-17,0.000780966756371541,-0.0077945167464199125,-0.001810486505937462,0.010171987010410425,-0.004389672801300154,0.0023331754731611906,-0.007751991654065423,-0.008323221560161017,0.019035174185713766,-0.0010817982162398656,-0.005408958227332665,-0.0030083854946253838,0.00395916999377374,0.0048062170607920595,199.55,199.55,200.76,200.15,-0.00034967655275471075,-0.005356696827073001,0.0015439357,0.3728693419443341,1e-06,0.5205463469552873,0.29356651000316886
2026-03-18,-0.0077945167464199125,-0.001810486505937462,0.010171987010410425,-0.004389672801300154,0.0023331754731611906,-0.007751991654065423,-0.008323221560161017,0.019035174185713766,-0.0010817982162398656,-0.005408958227332665,-0.0030083854946253838,0.00395916999377374,0.0048062170607920595,-0.005356696827073001,200.27,199.81,200.85,200.59,0.0021959383980238727,0.0025456149507785833,0.0045480956,0.6017514945270082,1e-06,0.5221054150479133,0.29396380228120117
2026-03-19,-0.001810486505937462,0.010171987010410425,-0.004389672801300154,0.0023331754731611906,-0.007751991654065423,-0.008323221560161017,0.019035174185713766,-0.0010817982162398656,-0.005408958227332665,-0.0030083854946253838,0.00395916999377374,0.0048062170607920595,-0.005356696827073001,0.0025456149507785833,200.44,199.97,200.78,200.72,0.000647878221560893,-0.0015480601764629796,0.003469547,0.5107463095652162,0.7535331329722404,0.5343748999127176,0.2892796752777931
2026-03-20,0.010171987010410425,-0.004389672801300154,0.0023331754731611906,-0.007751991654065423,-0.008323221560161017,0.019035174185713766,-0.0010817982162398656,-0.005408958227332665,-0.0030083854946253838,0.00395916999377374,0.0048062170607920595,-0.005356696827073001,0.0025456149507785833,-0.0015480601764629796,200.0,200.0,200.94,200.65,-0.0003488053452409128,-0.0009966835668018057,0.002741786,0.6537939632093217,1e-06,0.5623617039011135,0.27969366031672516
2026-03-23,-0.004389672801300154,0.0023331754731611906,-0.007751991654065423,-0.008323221560161017,0.019035174185713766,-0.0010817982162398656,-0.005408958227332665,-0.0030083854946253838,0.00395916999377374,0.0048062170607920595,-0.005356696827073001,0.0025456149507785833,-0.0015480601764629796,-0.0009966835668018057,201.02,200.26,201.37,201.12,0.002339648129011727,0.0026884534742526397,0.0061828294,1.0152512164350225,1e-06,0.5891280656766513,0.30457294040397753
2026-03-24,0.0023331754731611906,-0.007751991654065423,-0.008323221560161017,0.019035174185713766,-0.0010817982162398656,-0.005408958227332665,-0.0030083854946253838,0.00395916999377374,0.0048062170607920595,-0.005356696827073001,0.0025456149507785833,-0.0015480601764629796,-0.0009966835668018057,0.0026884534742526397,200.97,200.76,201.72,201.64,0.0025821843724928824,0.0002425362434811556,0.0013774707,0.6977001879111174,1e-06,0.5547593580919562,0.25621588807659473
2026-03-25,-0.007751991654065423,-0.008323221560161017,0.019035174185713766,-0.0010817982162398656,-0.005408958227332665,-0.0030083854946253838,0.00395916999377374,0.0048062170607920595,-0.005356696827073001,0.0025456149507785833,-0.0015480601764629796,-0.0009966835668018057,0.0026884534742526397,0.0002425362434811556,200.96,200.96,202.41,202.28,0.0031689469973525466,0.0005867626248596642,0.0021008728,1.3177326286056634,1e-06,0.6145702330448104,0.3258030038686423
2026-03-26,-0.008323221560161017,0.019035174185713766,-0.0010817982162398656,-0.005408958227332665,-0.0030083854946253838,0.00395916999377374,0.0048062170607920595,-0.005356696827073001,0.0025456149507785833,-0.0015480601764629796,-0.0009966835668018057,0.0026884534742526397,0.0002425362434811556,0.0005867626248596642,202.13,201.17,202.59,201.93,-0.0017317735210506374,-0.004900720518403184,0.0012902637,1.1693992156291586,0.5921388100255801,0.6545672988789046,0.35791392767122593
2026-03-27,0.019035174185713766,-0.0010817982162398656,-0.005408958227332665,-0.0030083854946253838,0.00395916999377374,0.0048062170607920595,-0.005356696827073001,0.0025456149507785833,-0.0015480601764629796,-0.0009966835668018057,0.0026884534742526397,0.0002425362434811556,0.0005867626248596642,-0.004900720518403184,201.6,201.19,202.06,202.0,0.00034659471047343105,0.0020783682315240683,0.006521157,0.3540143292144936,1e-06,0.6673652269661486,0.3423038376595826
2026-03-30,-0.0010817982162398656,-0.005408958227332665,-0.0030083854946253838,0.00395916999377374,0.0048062170607920595,-0.005356696827073001,0.0025456149507785833,-0.0015480601764629796,-0.0009966835668018057,0.0026884534742526397,0.0002425362434811556,0.0005867626248596642,-0.004900720518403184,0.0020783682315240683,202.23,201.94,202.81,202.55,0.002719072247495138,0.002372477537021707,0.0059336293,0.5686401440039632,1e-06,0.6655706978488443,0.3427848927763101
2026-03-31,-0.005408958227332665,-0.0030083854946253838,0.00395916999377374,0.0048062170607920595,-0.005356696827073001,0.0025456149507785833,-0.0015480601764629796,-0.0009966835668018057,0.0026884534742526397,0.0002425362434811556,0.0005867626248596642,-0.004900720518403184,0.0020783682315240683,0.002372477537021707,202.27,202.27,203.87,203.66,0.005465167094819934,0.002746094847324796,0.0032280455,1.049954519718692,1e-06,0.7246509284286071,0.3317071675369621
2026-04-01,-0.0030083854946253838,0.00395916999377374,0.0048062170607920595,-0.005356696827073001,0.0025456149507785833,-0.0015480601764629796,-0.0009966835668018057,0.0026884534742526397,0.0002425362434811556,0.0005867626248596642,-0.004900720518403184,0.0020783682315240683,0.002372477537021707,0.002746094847324796,203.47,202.63,204.18,203.61,-0.00024553735974242676,-0.0057107044545623604,0.0009125481,0.625655580828563,0.5832774485022576,0.7382409231314622,0.3227205529901384
2026-04-02,0.00395916999377374,0.0048062170607920595,-0.005356696827073001,0.0025456149507785833,-0.0015480601764629796,-0.0009966835668018057,0.0026884534742526397,0.0002425362434811556,0.0005867626248596642,-0.004900720518403184,0.0020783682315240683,0.002372477537021707,0.002746094847324796,-0.0057107044545623604,202.92,202.36,203.61,203.43,-0.0008844340199160264,-0.0006388966601735997,0.0056161783,0.1406071623882871,1e-06,0.7237909701519134,0.34550796632522174
2026-04-06,0.0048062170607920595,-0.005356696827073001,0.0025456149507785833,-0.0015480601764629796,-0.0009966835668018057,0.0026884534742526397,0.0002425362434811556,0.0005867626248596642,-0.004900720518403184,0.0020783682315240683,0.002372477537021707,0.002746094847324796,-0.0057107044545623604,-0.0006388966601735997,203.43,203.21,203.99,203.95,0.0025529003997072554,0.0034373344196232817,0.007343974,0.14144219115856624,1e-06,0.6585398775099581,0.36392473638691025
2026-04-07,-0.005356696827073001,0.0025456149507785833,-0.0015480601764629796,-0.0009966835668018057,0.0026884534742526397,0.0002425362434811556,0.0005867626248596642,-0.004900720518403184,0.0020783682315240683,0.002372477537021707,0.002746094847324796,-0.0057107044545623604,-0.0006388966601735997,0.0034373344196232817,203.68,203.47,203.98,203.9,-0.0002451881831576091,-0.0027980885828648647,0.0034404832,0.824505650168192,1e-06,0.6907996138116622,0.356597499171716
2026-04-08,0.0025456149507785833,-0.0015480601764629796,-0.0009966835668018057,0.0026884534742526397,0.0002425362434811556,0.0005867626248596642,-0.004900720518403184,0.0020783682315240683,0.002372477537021707,0.002746094847324796,-0.0057107044545623604,-0.0006388966601735997,0.0034373344196232817,-0.0027980885828648647,203.55,203.17,204.19,203.98,0.00039227224196281024,0.0006374604251204194,0.0064889174,0.05383918966276752,1e-06,0.6516630206070736,0.39510939933900013
2026-04-09,-0.0015480601764629796,-0.0009966835668018057,0.0026884534742526397,0.0002425362434811556,0.0005867626248596642,-0.004900720518403184,0.0020783682315240683,0.002372477537021707,0.002746094847324796,-0.0057107044545623604,-0.0006388966601735997,0.0034373344196232817,-0.0027980885828648647,0.0006374604251204194,203.81,202.1,203.89,202.1,-0.009259325412796489,-0.009651597654759298,0.005656843,0.3419020230368403,1e-06,0.6396027144264754,0.4022539122696208
2026-04-10,-0.0009966835668018057,0.0026884534742526397,0.0002425362434811556,0.0005867626248596642,-0.004900720518403184,0.0020783682315240683,0.002372477537021707,0.002746094847324796,-0.0057107044545623604,-0.0006388966601735997,0.0034373344196232817,-0.0027980885828648647,0.0006374604251204194,-0.009651597654759298,202.42,202.01,202.88,202.59,0.0024216078452853063,0.011680933258081795,0.013965691,0.03228904740114287,1e-06,0.5952095061544627,0.4336379764996279
2026-04-13,0.0026884534742526397,0.0002425362434811556,0.0005867626248596642,-0.004900720518403184,0.0020783682315240683,0.002372477537021707,0.002746094847324796,-0.0057107044545623604,-0.0006388966601735997,0.0034373344196232817,-0.0027980885828648647,0.0006374604251204194,-0.009651597654759298,0.011680933258081795,202.25,202.07,202.8,202.45,-0.0006912897766899727,-0.003112897621975279,0.0020824724,0.6777058052724507,1e-06,0.5710991196428504,0.41757328986191977
2026-04-14,0.0002425362434811556,0.0005867626248596642,-0.004900720518403184,0.0020783682315240683,0.002372477537021707,0.002746094847324796,-0.0057107044545623604,-0.0006388966601735997,0.0034373344196232817,-0.0027980885828648647,0.0006374604251204194,-0.009651597654759298,0.011680933258081795,-0.003112897621975279,202.01,202.01,203.49,202.86,0.002023143469679805,0.0027144332463697775,0.0060884524,0.40924590816591944,1e-06,0.5504952425181935,0.41796229461171464
