quote_timestamp,Lambda14,Lambda13,Lambda12,Lambda11,Lambda10,Lambda9,Lambda8,Lambda7,Lambda6,Lambda5,Lambda4,Lambda3,Lambda2,Lambda1,OPEN,LOW,HIGH,CLOSE,L,Lambda,Lambda_hat,f,S,f_mean,f_stdev
2025-04-09,-0.02386203971408198,0.02814450951325463,0.02419698720612307,-0.020065779326201186,-0.021708138777492673,0.013083787310153137,0.021538766565477305,-0.021236920914533837,-0.007865814219629785,0.027400392797293713,-0.047428662996993,-0.03690490371804183,0.05792850403719796,0.029174832010786397,181.95,180.74,201.08,200.16,0.07186612860442469,0.05410136333166897,-0.015459578,0.6422098673718498,0.2536132061019707,0.4453019810481395,0.2160588240214918
2025-04-10,0.02814450951325463,0.02419698720612307,-0.020065779326201186,-0.021708138777492673,0.013083787310153137,0.021538766565477305,-0.021236920914533837,-0.007865814219629785,0.027400392797293713,-0.047428662996993,-0.03690490371804183,0.05792850403719796,0.029174832010786397,0.05410136333166897,195.72,195.1,203.35,200.02,-0.0006996851702307232,-0.07256581377465542,-0.055084717,1.1812032156845655,1e-06,0.5162901896192241,0.2789166792043499
2025-04-11,0.02419698720612307,-0.020065779326201186,-0.021708138777492673,0.013083787310153137,0.021538766565477305,-0.021236920914533837,-0.007865814219629785,0.027400392797293713,-0.047428662996993,-0.03690490371804183,0.05792850403719796,0.029174832010786397,0.05410136333166897,-0.07256581377465542,207.88,207.0,217.77,216.38,0.0786187597110574,0.07931844488128813,0.0069014044,0.6166257943454116,0.6698695028342623,0.524753054092172,0.2801186576764115
2025-04-14,-0.020065779326201186,-0.021708138777492673,0.013083787310153137,0.021538766565477305,-0.021236920914533837,-0.007865814219629785,0.027400392797293713,-0.047428662996993,-0.03690490371804183,0.05792850403719796,0.029174832010786397,0.05410136333166897,-0.07256581377465542,0.07931844488128813,216.99,212.83,221.16,219.81,0.01572741558055506,-0.06289134413050235,-0.049551953,0.8289928561487201,1e-06,0.5360931617838941,0.28951704630923475
2025-04-15,-0.021708138777492673,0.013083787310153137,0.021538766565477305,-0.021236920914533837,-0.007865814219629785,0.027400392797293713,-0.047428662996993,-0.03690490371804183,0.05792850403719796,0.029174832010786397,0.05410136333166897,-0.07256581377465542,0.07931844488128813,-0.06289134413050235,218.5,217.18,220.95,217.7,-0.009645568599480247,-0.025372984180035307,-0.0009084543,0.41687455592334377,1e-06,0.5551782540063679,0.2702509742981232
2025-04-16,0.013083787310153137,0.021538766565477305,-0.021236920914533837,-0.007865814219629785,0.027400392797293713,-0.047428662996993,-0.03690490371804183,0.05792850403719796,0.029174832010786397,0.05410136333166897,-0.07256581377465542,0.07931844488128813,-0.06289134413050235,-0.025372984180035307,216.0,213.51,218.38,215.35,-0.0108533567403819,-0.0012077881409016528,0.018069811,0.14387071368070276,1e-06,0.5239813660174849,0.2914636094958639
2025-04-17,0.021538766565477305,-0.021236920914533837,-0.007865814219629785,0.027400392797293713,-0.047428662996993,-0.03690490371804183,0.05792850403719796,0.029174832010786397,0.05410136333166897,-0.07256581377465542,0.07931844488128813,-0.06289134413050235,-0.025372984180035307,-0.0012077881409016528,214.95,213.0,220.1,219.05,0.017035402759788203,0.027888759500170102,0.007634732,0.637419068597028,0.5924835802283925,0.5557289371361274,0.27645296293801364
2025-04-21,-0.021236920914533837,-0.007865814219629785,0.027400392797293713,-0.047428662996993,-0.03690490371804183,0.05792850403719796,0.029174832010786397,0.05410136333166897,-0.07256581377465542,0.07931844488128813,-0.06289134413050235,-0.025372984180035307,-0.0012077881409016528,0.027888759500170102,216.25,215.2,220.4,217.85,-0.005493261696456228,-0.02252866445624443,-0.013426169,0.4364307021733984,0.7082233044291153,0.5276868925884051,0.26632492791214796
2025-04-22,-0.007865814219629785,0.027400392797293713,-0.047428662996993,-0.03690490371804183,0.05792850403719796,0.029174832010786397,0.05410136333166897,-0.07256581377465542,0.07931844488128813,-0.06289134413050235,-0.025372984180035307,-0.0012077881409016528,0.027888759500170102,-0.02252866445624443,214.76,211.27,219.51,216.64,-0.005569762839540811,-7.65011430845829e-05,-0.008823894,0.5278721056278721,1.3284854088880893,0.5525348502468183,0.24691123048902971
2025-04-23,0.027400392797293713,-0.047428662996993,-0.03690490371804183,0.05792850403719796,0.029174832010786397,0.05410136333166897,-0.07256581377465542,0.07931844488128813,-0.06289134413050235,-0.025372984180035307,-0.0012077881409016528,0.027888759500170102,-0.02252866445624443,-7.65011430845829e-05,215.5,214.14,220.4,217.98,0.006166325737255654,0.011736088576796465,1.0371101e-05,0.7932333432964094,1.2446331932213588,0.5843241815297944,0.24722694773133874
2025-04-24,-0.047428662996993,-0.03690490371804183,0.05792850403719796,0.029174832010786397,0.05410136333166897,-0.07256581377465542,0.07931844488128813,-0.06289134413050235,-0.025372984180035307,-0.0012077881409016528,0.027888759500170102,-0.02252866445624443,-7.65011430845829e-05,0.011736088576796465,217.88,216.1,222.15,221.72,0.017012009090438682,0.010845683353183028,-0.009127837,0.7962749999109925,4.200782377038909,0.5980341863266745,0.25366033435188845
2025-04-25,-0.03690490371804183,0.05792850403719796,0.029174832010786397,0.05410136333166897,-0.07256581377465542,0.07931844488128813,-0.06289134413050235,-0.025372984180035307,-0.0012077881409016528,0.027888759500170102,-0.02252866445624443,-7.65011430845829e-05,0.011736088576796465,0.010845683353183028,222.03,222.0,226.22,226.22,0.020092652551631177,0.003080643461192495,-0.011693665,0.34412821695816936,0.31122387882742886,0.5994618775924304,0.2520513261280708
2025-04-28,0.05792850403719796,0.029174832010786397,0.05410136333166897,-0.07256581377465542,0.07931844488128813,-0.06289134413050235,-0.025372984180035307,-0.0012077881409016528,0.027888759500170102,-0.02252866445624443,-7.65011430845829e-05,0.011736088576796465,0.010845683353183028,0.003080643461192495,229.57,225.3,230.56,228.44,0.009765616693427308,-0.010327035858203869,-0.0039653336,0.35791798589573953,1e-06,0.5908177532995103,0.2584955183435869
2025-04-29,0.029174832010786397,0.05410136333166897,-0.07256581377465542,0.07931844488128813,-0.06289134413050235,-0.025372984180035307,-0.0012077881409016528,0.027888759500170102,-0.02252866445624443,-7.65011430845829e-05,0.011736088576796465,0.010845683353183028,0.003080643461192495,-0.010327035858203869,226.0,226.0,231.44,230.5,0.00897726864004138,-0.0007883480533859288,0.01595768,0.6219931221267989,1.1026049687998487,0.5960747534100731,0.2583147228003754
2025-04-30,0.05410136333166897,-0.07256581377465542,0.07931844488128813,-0.06289134413050235,-0.025372984180035307,-0.0012077881409016528,0.027888759500170102,-0.02252866445624443,-7.65011430845829e-05,0.011736088576796465,0.010845683353183028,0.003080643461192495,-0.010327035858203869,-0.0007883480533859288,227.0,226.33,230.77,229.63,-0.003781544505924115,-0.012758813145965494,0.02171871,0.08907696881582422,0.5539288458081597,0.5565652606560713,0.29095449720853966
2025-05-01,-0.07256581377465542,0.07931844488128813,-0.06289134413050235,-0.025372984180035307,-0.0012077881409016528,0.027888759500170102,-0.02252866445624443,-7.65011430845829e-05,0.011736088576796465,0.010845683353183028,0.003080643461192495,-0.010327035858203869,-0.0007883480533859288,-0.012758813145965494,235.0,222.31,235.0,227.85,-0.007781800220887123,-0.004000255714963008,0.027088542,0.5122544332170912,1e-06,0.5087832047655374,0.22876522719402587
2025-05-02,0.07931844488128813,-0.06289134413050235,-0.025372984180035307,-0.0012077881409016528,0.027888759500170102,-0.02252866445624443,-7.65011430845829e-05,0.011736088576796465,0.010845683353183028,0.003080643461192495,-0.010327035858203869,-0.0007883480533859288,-0.012758813145965494,-0.004000255714963008,227.08,223.47,232.24,229.96,0.009217863045198884,0.016999663266086006,0.023653787,0.291567418291652,0.694634282641239,0.485564749333126,0.233426186587074
2025-05-05,-0.06289134413050235,-0.025372984180035307,-0.0012077881409016528,0.027888759500170102,-0.02252866445624443,-7.65011430845829e-05,0.011736088576796465,0.010845683353183028,0.003080643461192495,-0.010327035858203869,-0.0007883480533859288,-0.012758813145965494,-0.004000255714963008,0.016999663266086006,230.0,227.5,233.69,232.48,0.010898819066882762,0.0016809560216838777,0.0010137998,0.10480545646046226,2.0136454154535945,0.43383707792682186,0.23170197142514326
2025-05-06,-0.025372984180035307,-0.0012077881409016528,0.027888759500170102,-0.02252866445624443,-7.65011430845829e-05,0.011736088576796465,0.010845683353183028,0.003080643461192495,-0.010327035858203869,-0.0007883480533859288,-0.012758813145965494,-0.004000255714963008,0.016999663266086006,0.0016809560216838777,230.03,229.3,233.57,232.7,0.0009458704862734918,-0.00995294858060927,-0.0036043932,0.828827441121339,1.030779991357365,0.46326228401239294,0.25442594625022547
2025-05-07,-0.0012077881409016528,0.027888759500170102,-0.02252866445624443,-7.65011430845829e-05,0.011736088576796465,0.010845683353183028,0.003080643461192495,-0.010327035858203869,-0.0007883480533859288,-0.012758813145965494,-0.004000255714963008,0.016999663266086006,0.0016809560216838777,-0.00995294858060927,232.7,230.01,233.28,230.34,-0.010193592067484429,-0.01113946255375792,0.00079056656,0.6205327112983808,1e-06,0.4973095695565128,0.23987453011747767
2025-05-08,0.027888759500170102,-0.02252866445624443,-7.65011430845829e-05,0.011736088576796465,0.010845683353183028,0.003080643461192495,-0.010327035858203869,-0.0007883480533859288,-0.012758813145965494,-0.004000255714963008,0.016999663266086006,0.0016809560216838777,-0.00995294858060927,-0.01113946255375792,231.53,229.36,234.53,233.25,0.012554361486692131,0.02274795355417656,0.015988557,0.3630247179497983,0.5932528339716483,0.4777099730817107,0.2387533332332847
2025-05-09,-0.02252866445624443,-7.65011430845829e-05,0.011736088576796465,0.010845683353183028,0.003080643461192495,-0.010327035858203869,-0.0007883480533859288,-0.012758813145965494,-0.004000255714963008,0.016999663266086006,0.0016809560216838777,-0.00995294858060927,-0.01113946255375792,0.02274795355417656,233.01,230.18,233.25,231.8,-0.006235908821801639,-0.01879027030849377,-0.004412365,0.11667217122748466,1.0019534976761633,0.4548700780141455,0.25755986138510617
2025-05-12,-7.65011430845829e-05,0.011736088576796465,0.010845683353183028,0.003080643461192495,-0.010327035858203869,-0.0007883480533859288,-0.012758813145965494,-0.004000255714963008,0.016999663266086006,0.0016809560216838777,-0.00995294858060927,-0.01113946255375792,0.02274795355417656,-0.01879027030849377,233.16,227.5,233.16,229.69,-0.009144357203988023,-0.002908448382186384,0.015099943,0.5593255992052337,1e-06,0.4571167561268141,0.25838151019721206
2025-05-13,0.011736088576796465,0.010845683353183028,0.003080643461192495,-0.010327035858203869,-0.0007883480533859288,-0.012758813145965494,-0.004000255714963008,0.016999663266086006,0.0016809560216838777,-0.00995294858060927,-0.01113946255375792,0.02274795355417656,-0.01879027030849377,-0.002908448382186384,228.45,224.27,229.28,225.35,-0.019075824565005648,-0.009931467361017625,0.016717637,0.6041425029354769,1e-06,0.4436102675296047,0.24400209950676702
2025-05-14,0.010845683353183028,0.003080643461192495,-0.010327035858203869,-0.0007883480533859288,-0.012758813145965494,-0.004000255714963008,0.016999663266086006,0.0016809560216838777,-0.00995294858060927,-0.01113946255375792,0.02274795355417656,-0.01879027030849377,-0.002908448382186384,-0.009931467361017625,224.27,219.49,224.27,222.85,-0.01115584974409221,0.007919974820913438,0.025058018,0.10300009323055806,1e-06,0.3940906313381451,0.237177874752772
2025-05-15,0.003080643461192495,-0.010327035858203869,-0.0007883480533859288,-0.012758813145965494,-0.004000255714963008,0.016999663266086006,0.0016809560216838777,-0.00995294858060927,-0.01113946255375792,0.02274795355417656,-0.01879027030849377,-0.002908448382186384,-0.009931467361017625,0.007919974820913438,225.51,224.06,228.91,227.62,0.02117867246117919,0.0323345222052714,0.0148298,1.0338515383678966,1e-06,0.4433565828674113,0.2914303420044526
2025-05-16,-0.010327035858203869,-0.0007883480533859288,-0.012758813145965494,-0.004000255714963008,0.016999663266086006,0.0016809560216838777,-0.00995294858060927,-0.01113946255375792,0.02274795355417656,-0.01879027030849377,-0.002908448382186384,-0.009931467361017625,0.007919974820913438,0.0323345222052714,226.9,226.0,230.25,229.19,0.006873782017572131,-0.01430489044360706,-0.012940409,0.38593265520007825,1e-06,0.44535763067486406,0.29089425385742523
2025-05-19,-0.0007883480533859288,-0.012758813145965494,-0.004000255714963008,0.016999663266086006,0.0016809560216838777,-0.00995294858060927,-0.01113946255375792,0.02274795355417656,-0.01879027030849377,-0.002908448382186384,-0.009931467361017625,0.007919974820913438,0.0323345222052714,-0.01430489044360706,228.0,226.32,232.0,228.57,-0.002708844718287459,-0.00958262673585959,-0.0010371523,1.0308430641102895,1e-06,0.4745611979593991,0.3281306364133152
2025-05-20,-0.012758813145965494,-0.004000255714963008,0.016999663266086006,0.0016809560216838777,-0.00995294858060927,-0.01113946255375792,0.02274795355417656,-0.01879027030849377,-0.002908448382186384,-0.009931467361017625,0.007919974820913438,0.0323345222052714,-0.01430489044360706,-0.00958262673585959,226.13,226.13,229.73,227.62,-0.0041649372992839965,-0.0014560925809965373,0.008570667,0.10605218958903402,1e-06,0.4757737137289141,0.32662452034736594
2025-05-21,-0.004000255714963008,0.016999663266086006,0.0016809560216838777,-0.00995294858060927,-0.01113946255375792,0.02274795355417656,-0.01879027030849377,-0.002908448382186384,-0.009931467361017625,0.007919974820913438,0.0323345222052714,-0.01430489044360706,-0.00958262673585959,-0.0014560925809965373,226.0,222.73,226.0,222.87,-0.021088930021918997,-0.016923992722635,0.008132007,0.6001631558792909,1e-06,0.4820529082047855,0.32822089176185254
2025-05-22,0.016999663266086006,0.0016809560216838777,-0.00995294858060927,-0.01113946255375792,0.02274795355417656,-0.01879027030849377,-0.002908448382186384,-0.009931467361017625,0.007919974820913438,0.0323345222052714,-0.01430489044360706,-0.00958262673585959,-0.0014560925809965373,-0.016923992722635,220.33,220.28,225.93,224.13,0.0056375988239952,0.026726528845914196,0.021853998,0.6822036607095767,1e-06,0.5099554969489231,0.3273850049073413
2025-05-23,0.0016809560216838777,-0.00995294858060927,-0.01113946255375792,0.02274795355417656,-0.01879027030849377,-0.002908448382186384,-0.009931467361017625,0.007919974820913438,0.0323345222052714,-0.01430489044360706,-0.00958262673585959,-0.0014560925809965373,-0.016923992722635,0.026726528845914196,221.64,220.0,225.43,224.75,0.002762432695910301,-0.0028751661280848988,-0.0040615285,0.055936570102762935,1e-06,0.5064648622090874,0.33226128340980027
2025-05-27,-0.00995294858060927,-0.01113946255375792,0.02274795355417656,-0.01879027030849377,-0.002908448382186384,-0.009931467361017625,0.007919974820913438,0.0323345222052714,-0.01430489044360706,-0.00958262673585959,-0.0014560925809965373,-0.016923992722635,0.026726528845914196,-0.0028751661280848988,225.0,224.75,227.88,227.52,0.012249473263146711,0.00948704056723641,0.001362432,1.036008720961136,1.350524703720986,0.5212635250547872,0.35176492872386983
2025-05-28,-0.01113946255375792,0.02274795355417656,-0.01879027030849377,-0.002908448382186384,-0.009931467361017625,0.007919974820913438,0.0323345222052714,-0.01430489044360706,-0.00958262673585959,-0.0014560925809965373,-0.016923992722635,0.026726528845914196,-0.0028751661280848988,0.00948704056723641,227.83,225.01,228.58,225.52,-0.008829299809018745,-0.021078773072165456,-0.012193282,0.5216853387153304,1e-06,0.5142029984417121,0.3506092760769858
2025-05-29,0.02274795355417656,-0.01879027030849377,-0.002908448382186384,-0.009931467361017625,0.007919974820913438,0.0323345222052714,-0.01430489044360706,-0.00958262673585959,-0.0014560925809965373,-0.016923992722635,0.026726528845914196,-0.0028751661280848988,0.00948704056723641,-0.021078773072165456,221.57,221.0,224.95,223.18,-0.010430226048301725,-0.0016009262392829796,0.0076958924,0.601302637713079,0.758549908449172,0.5312228498533751,0.34848300455254766
2025-05-30,-0.01879027030849377,-0.002908448382186384,-0.009931467361017625,0.007919974820913438,0.0323345222052714,-0.01430489044360706,-0.00958262673585959,-0.0014560925809965373,-0.016923992722635,0.026726528845914196,-0.0028751661280848988,0.00948704056723641,-0.021078773072165456,-0.0016009262392829796,220.18,219.65,223.68,222.25,-0.004175746363540968,0.006254479684760756,0.008087733,0.4863663447469829,1e-06,0.5576295765333392,0.32806222274622193
2025-06-02,-0.002908448382186384,-0.009931467361017625,0.007919974820913438,0.0323345222052714,-0.01430489044360706,-0.00958262673585959,-0.0014560925809965373,-0.016923992722635,0.026726528845914196,-0.0028751661280848988,0.00948704056723641,-0.021078773072165456,-0.0016009262392829796,0.006254479684760756,221.0,219.76,223.32,222.95,0.0031446566794717814,0.007320403043012749,0.0028877074,0.11037419920377971,8.43213881001082,0.5255616193903782,0.3491484396372098
2025-06-03,-0.009931467361017625,0.007919974820913438,0.0323345222052714,-0.01430489044360706,-0.00958262673585959,-0.0014560925809965373,-0.016923992722635,0.026726528845914196,-0.0028751661280848988,0.00948704056723641,-0.021078773072165456,-0.0016009262392829796,0.006254479684760756,0.007320403043012749,221.13,220.05,228.9,228.15,0.02305577629992623,0.01991111962045445,-0.0022742497,0.8882182338536373,0.4005088943407052,0.5458527430273896,0.36208168189078427
2025-06-04,0.007919974820913438,0.0323345222052714,-0.01430489044360706,-0.00958262673585959,-0.0014560925809965373,-0.016923992722635,0.026726528845914196,-0.0028751661280848988,0.00948704056723641,-0.021078773072165456,-0.0016009262392829796,0.006254479684760756,0.007320403043012749,0.01991111962045445,227.0,224.56,227.9,224.6,-0.01568226506906859,-0.03873804136899482,-0.0152402995,0.7688713655958519,1e-06,0.5934149767677679,0.34264686780036197
2025-06-05,0.0323345222052714,-0.01430489044360706,-0.00958262673585959,-0.0014560925809965373,-0.016923992722635,0.026726528845914196,-0.0028751661280848988,0.00948704056723641,-0.021078773072165456,-0.0016009262392829796,0.006254479684760756,0.007320403043012749,0.01991111962045445,-0.03873804136899482,223.5,222.64,225.39,223.82,-0.003478884914461438,0.01220338015460715,0.015345492,0.15141094732975038,0.6182359367230412,0.5303835059793289,0.33650363549104023
2025-06-06,-0.01430489044360706,-0.00958262673585959,-0.0014560925809965373,-0.016923992722635,0.026726528845914196,-0.0028751661280848988,0.00948704056723641,-0.021078773072165456,-0.0016009262392829796,0.006254479684760756,0.007320403043012749,0.01991111962045445,-0.03873804136899482,0.01220338015460715,225.4,224.81,227.89,226.54,0.012079372382686599,0.015558257297148038,0.00767623,1.114143015493346,1e-06,0.5823985317145624,0.36732738417141725
2025-06-09,-0.00958262673585959,-0.0014560925809965373,-0.016923992722635,0.026726528845914196,-0.0028751661280848988,0.00948704056723641,-0.021078773072165456,-0.0016009262392829796,0.006254479684760756,0.007320403043012749,0.01991111962045445,-0.03873804136899482,0.01220338015460715,0.015558257297148038,225.0,223.0,228.97,227.74,0.005283097609891796,-0.006796274772794803,-0.009865063,0.6795114240398871,1e-06,0.5573034145666764,0.3456981786809957
2025-06-10,-0.0014560925809965373,-0.016923992722635,0.026726528845914196,-0.0028751661280848988,0.00948704056723641,-0.021078773072165456,-0.0016009262392829796,0.006254479684760756,0.007320403043012749,0.01991111962045445,-0.03873804136899482,0.01220338015460715,0.015558257297148038,-0.006796274772794803,224.64,222.1,227.15,223.35,-0.019464579584331072,-0.02474767719422287,-0.0027391934,0.6564326151531308,1e-06,0.596616302106969,0.32083495472500595
2025-06-11,-0.016923992722635,0.026726528845914196,-0.0028751661280848988,0.00948704056723641,-0.021078773072165456,-0.0016009262392829796,0.006254479684760756,0.007320403043012749,0.01991111962045445,-0.03873804136899482,0.01220338015460715,0.015558257297148038,-0.006796274772794803,-0.02474767719422287,221.05,215.02,226.1,226.07,0.012104638029601007,0.03156921761393208,0.017030746,0.33424994941647473,1e-06,0.5776225016453393,0.3283910317714491
2025-06-12,0.026726528845914196,-0.0028751661280848988,0.00948704056723641,-0.021078773072165456,-0.0016009262392829796,0.006254479684760756,0.007320403043012749,0.01991111962045445,-0.03873804136899482,0.01220338015460715,0.015558257297148038,-0.006796274772794803,-0.02474767719422287,0.03156921761393208,222.7,221.15,229.21,228.96,0.012702629980412748,0.000597991950811741,-0.009039347,0.7024479816764944,1e-06,0.5790685245715477,0.32893109105385887
2025-06-13,-0.0028751661280848988,0.00948704056723641,-0.021078773072165456,-0.0016009262392829796,0.006254479684760756,0.007320403043012749,0.01991111962045445,-0.03873804136899482,0.01220338015460715,0.015558257297148038,-0.006796274772794803,-0.02474767719422287,0.03156921761393208,0.000597991950811741,230.0,229.26,234.09,232.29,0.01443927525860125,0.001736645278188502,-0.0075738225,1.7353160169649078,1e-06,0.6990241993474152,0.4177166634243652
2025-06-16,0.00948704056723641,-0.021078773072165456,-0.0016009262392829796,0.006254479684760756,0.007320403043012749,0.01991111962045445,-0.03873804136899482,0.01220338015460715,0.015558257297148038,-0.006796274772794803,-0.02474767719422287,0.03156921761393208,0.000597991950811741,0.001736645278188502,231.0,226.21,232.1,228.31,-0.017282236475379315,-0.031721511733980565,-0.009900108,0.3793446663449702,1e-06,0.6521196240176891,0.4138161640454112
2025-06-17,-0.021078773072165456,-0.0016009262392829796,0.006254479684760756,0.007320403043012749,0.01991111962045445,-0.03873804136899482,0.01220338015460715,0.015558257297148038,-0.006796274772794803,-0.02474767719422287,0.03156921761393208,0.000597991950811741,0.001736645278188502,-0.031721511733980565,227.34,226.75,234.23,234.07,0.024915861330450928,0.04219809780583024,0.018703928,0.46891463765380637,1e-06,0.6483502882275802,0.41533320107358795
2025-06-18,-0.0016009262392829796,0.006254479684760756,0.007320403043012749,0.01991111962045445,-0.03873804136899482,0.01220338015460715,0.015558257297148038,-0.006796274772794803,-0.02474767719422287,0.03156921761393208,0.000597991950811741,0.001736645278188502,-0.031721511733980565,0.04219809780583024,232.6,232.1,238.78,233.62,-0.0019243521942626475,-0.026840213524713576,-0.019108757,0.689769733111416,1e-06,0.6546693664703185,0.41523531246939754
2025-06-20,0.006254479684760756,0.007320403043012749,0.01991111962045445,-0.03873804136899482,0.01220338015460715,0.015558257297148038,-0.006796274772794803,-0.02474767719422287,0.03156921761393208,0.000597991950811741,0.001736645278188502,-0.031721511733980565,0.04219809780583024,-0.026840213524713576,232.0,230.0,235.53,233.11,-0.002185418563118879,-0.0002610663688562315,0.008435489,0.26945949870320185,1e-06,0.6391760203243342,0.4259076158075219
2025-06-23,0.007320403043012749,0.01991111962045445,-0.03873804136899482,0.01220338015460715,0.015558257297148038,-0.006796274772794803,-0.02474767719422287,0.03156921761393208,0.000597991950811741,0.001736645278188502,-0.031721511733980565,0.04219809780583024,-0.026840213524713576,-0.0002610663688562315,234.08,233.22,238.4,237.26,0.017646141068526418,0.019831559631645297,0.007659033,0.4997405534851622,1e-06,0.6669879027730045,0.4006865968611801
2025-06-24,0.01991111962045445,-0.03873804136899482,0.01220338015460715,0.015558257297148038,-0.006796274772794803,-0.02474767719422287,0.03156921761393208,0.000597991950811741,0.001736645278188502,-0.031721511733980565,0.04219809780583024,-0.026840213524713576,-0.0002610663688562315,0.019831559631645297,233.33,227.55,233.35,231.72,-0.023626840004533592,-0.04127298107306001,-0.008374564,0.05136348456565492,1e-06,0.6072125635381486,0.42672041145034934
2025-06-25,-0.03873804136899482,0.01220338015460715,0.015558257297148038,-0.006796274772794803,-0.02474767719422287,0.03156921761393208,0.000597991950811741,0.001736645278188502,-0.031721511733980565,0.04219809780583024,-0.026840213524713576,-0.0002610663688562315,0.019831559631645297,-0.04127298107306001,230.23,229.25,235.9,235.06,0.014311054476284881,0.037937894480818475,0.022723414,0.8696099160019537,1e-06,0.6144081742814417,0.43048880544994217
2025-06-26,0.01220338015460715,0.015558257297148038,-0.006796274772794803,-0.02474767719422287,0.03156921761393208,0.000597991950811741,0.001736645278188502,-0.031721511733980565,0.04219809780583024,-0.026840213524713576,-0.0002610663688562315,0.019831559631645297,-0.04127298107306001,0.037937894480818475,234.21,234.13,241.51,239.81,0.020006142437074288,0.005695087960789406,-0.01020245,0.6961209457176558,1e-06,0.6533160313091492,0.4095292792333778
2025-06-27,0.015558257297148038,-0.006796274772794803,-0.02474767719422287,0.03156921761393208,0.000597991950811741,0.001736645278188502,-0.031721511733980565,0.04219809780583024,-0.026840213524713576,-0.0002610663688562315,0.019831559631645297,-0.04127298107306001,0.037937894480818475,0.005695087960789406,238.25,236.22,239.07,237.19,-0.010985435422926931,-0.03099157786000122,-0.009918772,0.03925708707460494,1e-06,0.5765384649935248,0.41717592204410775
2025-06-30,-0.006796274772794803,-0.02474767719422287,0.03156921761393208,0.000597991950811741,0.001736645278188502,-0.031721511733980565,0.04219809780583024,-0.026840213524713576,-0.0002610663688562315,0.019831559631645297,-0.04127298107306001,0.037937894480818475,0.005695087960789406,-0.03099157786000122,238.0,236.38,241.92,241.61,0.018463348213709516,0.029448783636636448,0.014076423,0.6236540509906919,1e-06,0.572548652632868,0.4163816977472284
2025-07-01,-0.02474767719422287,0.03156921761393208,0.000597991950811741,0.001736645278188502,-0.031721511733980565,0.04219809780583024,-0.026840213524713576,-0.0002610663688562315,0.019831559631645297,-0.04127298107306001,0.037937894480818475,0.005695087960789406,-0.03099157786000122,0.029448783636636448,239.19,239.17,247.51,245.8,0.017193341199370573,-0.0012700070143389433,-0.011974008,0.9467305522382912,0.4145664528274844,0.5932842195675223,0.42794809348834645
2025-07-02,0.03156921761393208,0.000597991950811741,0.001736645278188502,-0.031721511733980565,0.04219809780583024,-0.026840213524713576,-0.0002610663688562315,0.019831559631645297,-0.04127298107306001,0.037937894480818475,0.005695087960789406,-0.03099157786000122,0.029448783636636448,-0.0012700070143389433,241.52,240.0,250.27,249.81,0.01618243178390329,-0.001010909415467283,-0.0074855145,0.4944389725592013,1e-06,0.6047262926491458,0.4225975676690906
2025-07-03,0.000597991950811741,0.001736645278188502,-0.031721511733980565,0.04219809780583024,-0.026840213524713576,-0.0002610663688562315,0.019831559631645297,-0.04127298107306001,0.037937894480818475,0.005695087960789406,-0.03099157786000122,0.029448783636636448,-0.0012700070143389433,-0.001010909415467283,247.03,245.0,252.84,251.0,0.0047523102159465055,-0.011430121567956784,-0.007661632,0.31333527717197057,1e-06,0.5769325280416798,0.42843161585893724
2025-07-07,0.001736645278188502,-0.031721511733980565,0.04219809780583024,-0.026840213524713576,-0.0002610663688562315,0.019831559631645297,-0.04127298107306001,0.037937894480818475,0.005695087960789406,-0.03099157786000122,0.029448783636636448,-0.0012700070143389433,-0.001010909415467283,-0.011430121567956784,252.8,252.1,256.18,253.49,0.009871435389616505,0.00511912517367,0.0030921157,1.6237904102050718,1e-06,0.56896641327312,0.4056683123451104
2025-07-08,-0.031721511733980565,0.04219809780583024,-0.026840213524713576,-0.0002610663688562315,0.019831559631645297,-0.04127298107306001,0.037937894480818475,0.005695087960789406,-0.03099157786000122,0.029448783636636448,-0.0012700070143389433,-0.001010909415467283,-0.011430121567956784,0.00511912517367,252.53,246.08,252.53,247.69,-0.0231464102580705,-0.033017845647687005,-0.0017602978,0.6056727121663437,1e-06,0.585132702260361,0.4020237455872266
2025-07-09,0.04219809780583024,-0.026840213524713576,-0.0002610663688562315,0.019831559631645297,-0.04127298107306001,0.037937894480818475,0.005695087960789406,-0.03099157786000122,0.029448783636636448,-0.0012700070143389433,-0.001010909415467283,-0.011430121567956784,0.00511912517367,-0.033017845647687005,248.22,246.76,249.25,248.42,0.002942897852718217,0.026089308110788717,0.020731198,0.13208649778797849,0.6391363638594556,0.561073549412802,0.419224615887045
2025-07-10,-0.026840213524713576,-0.0002610663688562315,0.019831559631645297,-0.04127298107306001,0.037937894480818475,0.005695087960789406,-0.03099157786000122,0.029448783636636448,-0.0012700070143389433,-0.001010909415467283,-0.011430121567956784,0.00511912517367,-0.033017845647687005,0.026089308110788717,250.01,250.01,258.1,257.99,0.03779996236447131,0.03485706451175309,0.0013250414,0.44309398835735064,4.477103907455701,0.54345385335894,0.41858284161562515
2025-07-11,-0.0002610663688562315,0.019831559631645297,-0.04127298107306001,0.037937894480818475,0.005695087960789406,-0.03099157786000122,0.029448783636636448,-0.0012700070143389433,-0.001010909415467283,-0.011430121567956784,0.00511912517367,-0.033017845647687005,0.026089308110788717,0.03485706451175309,256.29,252.99,258.63,256.62,-0.005324433013646311,-0.043124395378117616,-0.026007116,0.7453534916849132,1e-06,0.5774462814290623,0.4139179130885606
2025-07-14,0.019831559631645297,-0.04127298107306001,0.037937894480818475,0.005695087960789406,-0.03099157786000122,0.029448783636636448,-0.0012700070143389433,-0.001010909415467283,-0.011430121567956784,0.00511912517367,-0.033017845647687005,0.026089308110788717,0.03485706451175309,-0.043124395378117616,256.0,254.86,259.38,258.75,0.00826595311270678,0.01359038612635309,0.007082429,1.2054666376603642,0.6361793963542972,0.6278552874415767,0.4454954839922954
2025-07-15,-0.04127298107306001,0.037937894480818475,0.005695087960789406,-0.03099157786000122,0.029448783636636448,-0.0012700070143389433,-0.001010909415467283,-0.011430121567956784,0.00511912517367,-0.033017845647687005,0.026089308110788717,0.03485706451175309,-0.043124395378117616,0.01359038612635309,255.73,252.86,258.71,253.74,-0.019552223867126385,-0.027818176979833166,0.00071647065,0.5373798962079086,1.3798681884814972,0.6625707454160235,0.41500988465247435
2025-07-16,0.037937894480818475,0.005695087960789406,-0.03099157786000122,0.029448783636636448,-0.0012700070143389433,-0.001010909415467283,-0.011430121567956784,0.00511912517367,-0.033017845647687005,0.026089308110788717,0.03485706451175309,-0.043124395378117616,0.01359038612635309,-0.027818176979833166,253.95,251.0,255.01,253.12,-0.0024464361331629427,0.017105787733963443,0.023138799,0.4752905794737525,0.7282156828328593,0.6344050785211518,0.41325481354970117
2025-07-17,0.005695087960789406,-0.03099157786000122,0.029448783636636448,-0.0012700070143389433,-0.001010909415467283,-0.011430121567956784,0.00511912517367,-0.033017845647687005,0.026089308110788717,0.03485706451175309,-0.043124395378117616,0.01359038612635309,-0.027818176979833166,0.017105787733963443,253.31,252.06,255.79,254.92,0.007086085866804446,0.009532521999967389,0.011501654,0.40871974481307866,8.448234038058658,0.613876421313682,0.41707397359357107
2025-07-18,-0.03099157786000122,0.029448783636636448,-0.0012700070143389433,-0.001010909415467283,-0.011430121567956784,0.00511912517367,-0.033017845647687005,0.026089308110788717,0.03485706451175309,-0.043124395378117616,0.01359038612635309,-0.027818176979833166,0.017105787733963443,0.009532521999967389,254.0,251.97,256.72,252.76,-0.008509348540838645,-0.015595434407643091,-0.00031442393,0.6085888039871571,1.6323784910762755,0.6545429725217214,0.3831094355637973
2025-07-21,0.029448783636636448,-0.0012700070143389433,-0.001010909415467283,-0.011430121567956784,0.00511912517367,-0.033017845647687005,0.026089308110788717,0.03485706451175309,-0.043124395378117616,0.01359038612635309,-0.027818176979833166,0.017105787733963443,0.009532521999967389,-0.015595434407643091,252.04,252.0,254.8,252.32,-0.0017422986905260313,0.0067670498503126135,0.012964318,0.18125132031131172,0.7980570411786438,0.6229427774731943,0.4035532340285182
2025-07-22,-0.0012700070143389433,-0.001010909415467283,-0.011430121567956784,0.00511912517367,-0.033017845647687005,0.026089308110788717,0.03485706451175309,-0.043124395378117616,0.01359038612635309,-0.027818176979833166,0.017105787733963443,0.009532521999967389,-0.015595434407643091,0.0067670498503126135,250.5,250.0,255.2,253.72,0.005533173550968367,0.007275472241494398,0.004902764,0.5616743516633997,5.847793874254361,0.5954387631464162,0.3927655858622232
2025-07-23,-0.001010909415467283,-0.011430121567956784,0.00511912517367,-0.033017845647687005,0.026089308110788717,0.03485706451175309,-0.043124395378117616,0.01359038612635309,-0.027818176979833166,0.017105787733963443,0.009532521999967389,-0.015595434407643091,0.0067670498503126135,0.007275472241494398,256.04,256.04,265.41,264.81,0.04278129093455513,0.03724811738358676,-0.0007240647,1.5665424657301734,1.6241291485283287,0.6720175840871999,0.46872851685988964
2025-07-24,-0.011430121567956784,0.00511912517367,-0.033017845647687005,0.026089308110788717,0.03485706451175309,-0.043124395378117616,0.01359038612635309,-0.027818176979833166,0.017105787733963443,0.009532521999967389,-0.015595434407643091,0.0067670498503126135,0.007275472241494398,0.03724811738358676,263.04,262.26,267.0,263.04,-0.006706475832435844,-0.04948776676699097,-0.03233365,0.8830994786411842,1e-06,0.7127150270492866,0.45984095206537456
2025-07-25,0.00511912517367,-0.033017845647687005,0.026089308110788717,0.03485706451175309,-0.043124395378117616,0.01359038612635309,-0.027818176979833166,0.017105787733963443,0.009532521999967389,-0.015595434407643091,0.0067670498503126135,0.007275472241494398,0.03724811738358676,-0.04948776676699097,263.04,260.0,265.62,264.48,0.0054595222048991945,0.012165998037335039,0.008879972,0.2959093315057376,1e-06,0.6178663785707628,0.3889452229519963
2025-07-28,-0.033017845647687005,0.026089308110788717,0.03485706451175309,-0.043124395378117616,0.01359038612635309,-0.027818176979833166,0.017105787733963443,0.009532521999967389,-0.015595434407643091,0.0067670498503126135,0.007275472241494398,0.03724811738358676,-0.04948776676699097,0.012165998037335039,263.02,260.04,263.91,261.91,-0.00976470077557186,-0.015224222980471054,0.0018438016,0.3058018499890129,1e-06,0.5964470312723821,0.39782404018129974
2025-07-29,0.026089308110788717,0.03485706451175309,-0.043124395378117616,0.01359038612635309,-0.027818176979833166,0.017105787733963443,0.009532521999967389,-0.015595434407643091,0.0067670498503126135,0.007275472241494398,0.03724811738358676,-0.04948776676699097,0.012165998037335039,-0.015224222980471054,261.5,260.0,264.0,260.49,-0.00543646055647826,0.0043282402190936,0.010051124,0.7157588443738996,1.0585890454955271,0.6381379131713764,0.3753667293070432
2025-07-30,0.03485706451175309,-0.043124395378117616,0.01359038612635309,-0.027818176979833166,0.017105787733963443,0.009532521999967389,-0.015595434407643091,0.0067670498503126135,0.007275472241494398,0.03724811738358676,-0.04948776676699097,0.012165998037335039,-0.015224222980471054,0.0043282402190936,259.0,256.51,261.42,257.66,-0.010923586377284565,-0.0054871258208063056,0.008244758,0.3183795994301383,0.6484304965634179,0.6292297425337183,0.3817766794526832
2025-07-31,-0.043124395378117616,0.01359038612635309,-0.027818176979833166,0.017105787733963443,0.009532521999967389,-0.015595434407643091,0.0067670498503126135,0.007275472241494398,0.03724811738358676,-0.04948776676699097,0.012165998037335039,-0.015224222980471054,0.0043282402190936,-0.0054871258208063056,283.65,275.96,291.23,278.25,0.07687910379227572,0.08780269016956029,0.008226935,1.72193492546146,1e-06,0.6989855592320431,0.480959960340186
2025-08-01,0.01359038612635309,-0.027818176979833166,0.017105787733963443,0.009532521999967389,-0.015595434407643091,0.0067670498503126135,0.007275472241494398,0.03724811738358676,-0.04948776676699097,0.012165998037335039,-0.015224222980471054,0.0043282402190936,-0.0054871258208063056,0.08780269016956029,274.98,266.61,274.98,268.73,-0.034812832087634284,-0.11169193587991,-0.06380406,0.3068197849939182,1e-06,0.6347964983272968,0.4679562684183085
2025-08-04,-0.027818176979833166,0.017105787733963443,0.009532521999967389,-0.015595434407643091,0.0067670498503126135,0.007275472241494398,0.03724811738358676,-0.04948776676699097,0.012165998037335039,-0.015224222980471054,0.0043282402190936,-0.0054871258208063056,0.08780269016956029,-0.11169193587991,271.0,264.05,272.66,264.3,-0.01662233645777595,0.018190495629858333,0.026608177,0.46703576919058143,1e-06,0.6297719178260591,0.46945796216478386
2025-08-05,0.017105787733963443,0.009532521999967389,-0.015595434407643091,0.0067670498503126135,0.007275472241494398,0.03724811738358676,-0.04948776676699097,0.012165998037335039,-0.015224222980471054,0.0043282402190936,-0.0054871258208063056,0.08780269016956029,-0.11169193587991,0.018190495629858333,264.09,263.58,270.91,270.45,0.023002416707192573,0.039624753164968524,0.017193245,0.7943276568095845,1e-06,0.6525602804929044,0.46912552788136835
2025-08-06,0.009532521999967389,-0.015595434407643091,0.0067670498503126135,0.007275472241494398,0.03724811738358676,-0.04948776676699097,0.012165998037335039,-0.015224222980471054,0.0043282402190936,-0.0054871258208063056,0.08780269016956029,-0.11169193587991,0.018190495629858333,0.039624753164968524,270.45,266.63,271.87,267.2,-0.012089796654945034,-0.03509221336213761,-0.018646292,0.5447574695461748,1e-06,0.6622772608309827,0.46507776480767726
2025-08-07,-0.015595434407643091,0.0067670498503126135,0.007275472241494398,0.03724811738358676,-0.04948776676699097,0.012165998037335039,-0.015224222980471054,0.0043282402190936,-0.0054871258208063056,0.08780269016956029,-0.11169193587991,0.018190495629858333,0.039624753164968524,-0.03509221336213761,264.56,259.42,266.11,265.49,-0.006420266473260129,0.005669530181684905,0.014776517,0.4055779675162945,1e-06,0.6477764867973496,0.47001910907671646
2025-08-08,0.0067670498503126135,0.007275472241494398,0.03724811738358676,-0.04948776676699097,0.012165998037335039,-0.015224222980471054,0.0043282402190936,-0.0054871258208063056,0.08780269016956029,-0.11169193587991,0.018190495629858333,0.039624753164968524,-0.03509221336213761,0.005669530181684905,266.5,264.01,269.31,264.12,-0.0051736298628594305,0.0012466366104006985,0.0047299783,0.5271362287362599,0.9165166740600885,0.6724825516848459,0.4523695225037552
2025-08-11,0.007275472241494398,0.03724811738358676,-0.04948776676699097,0.012165998037335039,-0.015224222980471054,0.0043282402190936,-0.0054871258208063056,0.08780269016956029,-0.11169193587991,0.018190495629858333,0.039624753164968524,-0.03509221336213761,0.005669530181684905,0.0012466366104006985,263.0,263.0,269.65,266.66,0.00957089336094219,0.01474452322380162,0.010357987,0.6153104036756177,1e-06,0.6763136982571473,0.4515853367954651
2025-08-12,0.03724811738358676,-0.04948776676699097,0.012165998037335039,-0.015224222980471054,0.0043282402190936,-0.0054871258208063056,0.08780269016956029,-0.11169193587991,0.018190495629858333,0.039624753164968524,-0.03509221336213761,0.005669530181684905,0.0012466366104006985,0.01474452322380162,263.36,263.36,267.98,267.17,0.0019107212227165082,-0.007660172138225682,-0.010188552,0.1562034823516895,1e-06,0.5755751994443984,0.3909567219372329
2025-08-13,-0.04948776676699097,0.012165998037335039,-0.015224222980471054,0.0043282402190936,-0.0054871258208063056,0.08780269016956029,-0.11169193587991,0.018190495629858333,0.039624753164968524,-0.03509221336213761,0.005669530181684905,0.0012466366104006985,0.01474452322380162,-0.007660172138225682,268.57,264.86,270.24,269.27,0.007829433776358464,0.005918712553641956,0.0013521484,0.9315107151469053,2.4334461986577223,0.5790331449090926,0.3940875112878809
2025-08-14,0.012165998037335039,-0.015224222980471054,0.0043282402190936,-0.0054871258208063056,0.08780269016956029,-0.11169193587991,0.018190495629858333,0.039624753164968524,-0.03509221336213761,0.005669530181684905,0.0012466366104006985,0.01474452322380162,-0.007660172138225682,0.005918712553641956,267.36,266.5,271.28,266.75,-0.009402703504524162,-0.017232137280882624,-0.0062445197,1.0368657058685822,1e-06,0.6319586002207244,0.4027979711076244
2025-08-15,-0.015224222980471054,0.0043282402190936,-0.0054871258208063056,0.08780269016956029,-0.11169193587991,0.018190495629858333,0.039624753164968524,-0.03509221336213761,0.005669530181684905,0.0012466366104006985,0.01474452322380162,-0.007660172138225682,0.005918712553641956,-0.017232137280882624,265.71,264.2,266.68,265.0,-0.006582064195640332,0.0028206393088838298,0.012622056,0.42542788389188824,1e-06,0.6405033169280726,0.39656750442579214
2025-08-18,0.0043282402190936,-0.0054871258208063056,0.08780269016956029,-0.11169193587991,0.018190495629858333,0.039624753164968524,-0.03509221336213761,0.005669530181684905,0.0012466366104006985,0.01474452322380162,-0.007660172138225682,0.005918712553641956,-0.017232137280882624,0.0028206393088838298,265.25,265.23,269.33,267.64,0.009912967928394177,0.01649503212403451,0.0073154303,0.7173620720969698,1e-06,0.6406178331940061,0.39659113828920156
2025-08-19,-0.0054871258208063056,0.08780269016956029,-0.11169193587991,0.018190495629858333,0.039624753164968524,-0.03509221336213761,0.005669530181684905,0.0012466366104006985,0.01474452322380162,-0.007660172138225682,0.005918712553641956,-0.017232137280882624,0.0028206393088838298,0.01649503212403451,265.16,262.2,265.59,264.69,-0.011083464012492916,-0.020996431940887093,-0.0027118952,0.4986288914836599,0.0674584009671956,0.6534927826264006,0.3881615030997131
2025-08-20,0.08780269016956029,-0.11169193587991,0.018190495629858333,0.039624753164968524,-0.03509221336213761,0.005669530181684905,0.0012466366104006985,0.01474452322380162,-0.007660172138225682,0.005918712553641956,-0.017232137280882624,0.0028206393088838298,0.01649503212403451,-0.020996431940887093,263.75,262.5,267.86,266.51,0.006852436451946841,0.017935900464439755,0.010863501,0.42238536525932635,0.876758815348764,0.560667814040534,0.24017829291314402
2025-08-21,-0.11169193587991,0.018190495629858333,0.039624753164968524,-0.03509221336213761,0.005669530181684905,0.0012466366104006985,0.01474452322380162,-0.007660172138225682,0.005918712553641956,-0.017232137280882624,0.0028206393088838298,0.01649503212403451,-0.020996431940887093,0.017935900464439755,266.51,263.74,267.34,266.04,-0.0017650929378489725,-0.008617529389795814,-0.00033392728,0.36945794116828784,1.6845124788757069,0.5651419680529889,0.23562602407888883
2025-08-22,0.018190495629858333,0.039624753164968524,-0.03509221336213761,0.005669530181684905,0.0012466366104006985,0.01474452322380162,-0.007660172138225682,0.005918712553641956,-0.017232137280882624,0.0028206393088838298,0.01649503212403451,-0.020996431940887093,0.017935900464439755,-0.008617529389795814,265.48,265.3,271.38,269.87,0.014293688151244793,0.016058781089093765,0.0011165774,1.2225501420045974,2.268625642312768,0.6191072803968473,0.29135548122471394
2025-08-25,0.039624753164968524,-0.03509221336213761,0.005669530181684905,0.0012466366104006985,0.01474452322380162,-0.007660172138225682,0.005918712553641956,-0.017232137280882624,0.0028206393088838298,0.01649503212403451,-0.020996431940887093,0.017935900464439755,-0.008617529389795814,0.016058781089093765,270.26,269.17,271.42,270.34,0.0017400644882168404,-0.012553623663027954,-0.010251084,0.8257525413121477,1e-06,0.6213519150041732,0.29292605523751414
2025-08-26,-0.03509221336213761,0.005669530181684905,0.0012466366104006985,0.01474452322380162,-0.007660172138225682,0.005918712553641956,-0.017232137280882624,0.0028206393088838298,0.01649503212403451,-0.020996431940887093,0.017935900464439755,-0.008617529389795814,0.016058781089093765,-0.012553623663027954,269.33,268.95,273.14,270.99,0.0024014937741805033,0.000661429285963663,0.0031608255,0.5159898021596286,1e-06,0.6192970816194199,0.2936047988585293
2025-08-27,0.005669530181684905,0.0012466366104006985,0.01474452322380162,-0.007660172138225682,0.005918712553641956,-0.017232137280882624,0.0028206393088838298,0.01649503212403451,-0.020996431940887093,0.017935900464439755,-0.008617529389795814,0.016058781089093765,-0.012553623663027954,0.000661429285963663,270.4,270.4,276.85,275.85,0.017775319888578292,0.015373826114397788,0.0010871976,0.7005287974381562,3.94907158307131,0.6403649980424101,0.2876105600599521
2025-08-28,0.0012466366104006985,0.01474452322380162,-0.007660172138225682,0.005918712553641956,-0.017232137280882624,0.0028206393088838298,0.01649503212403451,-0.020996431940887093,0.017935900464439755,-0.008617529389795814,0.016058781089093765,-0.012553623663027954,0.000661429285963663,0.015373826114397788,276.0,272.57,276.0,275.1,-0.0027225717879106642,-0.020497891676488956,-0.011599967,0.3850872032892968,1e-06,0.6302186390819127,0.2943392291018132
2025-08-29,0.01474452322380162,-0.007660172138225682,0.005918712553641956,-0.017232137280882624,0.0028206393088838298,0.01649503212403451,-0.020996431940887093,0.017935900464439755,-0.008617529389795814,0.016058781089093765,-0.012553623663027954,0.000661429285963663,0.015373826114397788,-0.020497891676488956,274.11,270.5,275.35,270.6,-0.016492952193840976,-0.013770380405930312,0.005787302,0.09043246555987547,0.8238267109582229,0.592727357787931,0.32789903165303536
2025-09-02,-0.007660172138225682,0.005918712553641956,-0.017232137280882624,0.0028206393088838298,0.01649503212403451,-0.020996431940887093,0.017935900464439755,-0.008617529389795814,0.016058781089093765,-0.012553623663027954,0.000661429285963663,0.015373826114397788,-0.020497891676488956,-0.013770380405930312,268.65,268.0,272.17,269.0,-0.005930336134848398,0.010562616058992579,0.018280165,0.5285181168116677,1e-06,0.6193212602493581,0.3039989256299409
2025-09-03,0.005918712553641956,-0.017232137280882624,0.0028206393088838298,0.01649503212403451,-0.020996431940887093,0.017935900464439755,-0.008617529389795814,0.016058781089093765,-0.012553623663027954,0.000661429285963663,0.015373826114397788,-0.020497891676488956,-0.013770380405930312,0.010562616058992579,268.08,266.26,270.0,268.24,-0.002829277443865699,0.003101058690982699,0.0042565893,0.617129946846592,0.12984465789046692,0.59686549108505,0.290474729780884
2025-09-04,-0.017232137280882624,0.0028206393088838298,0.01649503212403451,-0.020996431940887093,0.017935900464439755,-0.008617529389795814,0.016058781089093765,-0.012553623663027954,0.000661429285963663,0.015373826114397788,-0.020497891676488956,-0.013770380405930312,0.010562616058992579,0.003101058690982699,269.07,267.0,270.13,269.66,0.005279804047955725,0.008109081491821424,0.0037124106,0.6513064192694362,6.202350404160853,0.5693255420422539,0.26247750597874875
2025-09-05,0.0028206393088838298,0.01649503212403451,-0.020996431940887093,0.017935900464439755,-0.008617529389795814,0.016058781089093765,-0.012553623663027954,0.000661429285963663,0.015373826114397788,-0.020497891676488956,-0.013770380405930312,0.010562616058992579,0.003101058690982699,0.008109081491821424,270.16,265.64,271.0,270.59,0.003442853932905826,-0.0018369501150498992,-0.0047722626,0.3361292292342536,1e-06,0.5629470667095658,0.2672843674243742
2025-09-08,0.01649503212403451,-0.020996431940887093,0.017935900464439755,-0.008617529389795814,0.016058781089093765,-0.012553623663027954,0.000661429285963663,0.015373826114397788,-0.020497891676488956,-0.013770380405930312,0.010562616058992579,0.003101058690982699,0.008109081491821424,-0.0018369501150498992,267.1,265.0,270.91,269.7,-0.0032945299931496815,-0.006737383926055508,0.0013463228,0.475180636301112,1e-06,0.5456483927241473,0.26434267745565554
2025-09-09,-0.020996431940887093,0.017935900464439755,-0.008617529389795814,0.016058781089093765,-0.012553623663027954,0.000661429285963663,0.015373826114397788,-0.020497891676488956,-0.013770380405930312,0.010562616058992579,0.003101058690982699,0.008109081491821424,-0.0018369501150498992,-0.006737383926055508,269.0,263.8,269.0,266.79,-0.010848398066025578,-0.007553868072875896,0.007127028,0.2052722288459528,1e-06,0.5246943453928825,0.2795463020218518
2025-09-10,0.017935900464439755,-0.008617529389795814,0.016058781089093765,-0.012553623663027954,0.000661429285963663,0.015373826114397788,-0.020497891676488956,-0.013770380405930312,0.010562616058992579,0.003101058690982699,0.008109081491821424,-0.0018369501150498992,-0.006737383926055508,-0.007553868072875896,265.8,265.8,273.59,271.29,0.016726527340840402,0.02757492540686598,0.014423236,0.9875996997430869,0.4431207535436358,0.5650667978560082,0.3034284740812898
2025-09-11,-0.008617529389795814,0.016058781089093765,-0.012553623663027954,0.000661429285963663,0.015373826114397788,-0.020497891676488956,-0.013770380405930312,0.010562616058992579,0.003101058690982699,0.008109081491821424,-0.0018369501150498992,-0.006737383926055508,-0.007553868072875896,0.02757492540686598,271.0,271.0,276.84,275.72,0.016197498596952888,-0.0005290287438875149,-0.007879223,0.990695848361566,0.06869296204864977,0.6094409340840995,0.31771119853615437
2025-09-12,0.016058781089093765,-0.012553623663027954,0.000661429285963663,0.015373826114397788,-0.020497891676488956,-0.013770380405930312,0.010562616058992579,0.003101058690982699,0.008109081491821424,-0.0018369501150498992,-0.006737383926055508,-0.007553868072875896,0.02757492540686598,-0.0005290287438875149,276.07,273.45,276.5,275.96,0.0008700696604570279,-0.015327428936495859,-0.005418505,0.11480507064699359,1e-06,0.5303162861299849,0.2900049166089631
2025-09-15,-0.012553623663027954,0.000661429285963663,0.015373826114397788,-0.020497891676488956,-0.013770380405930312,0.010562616058992579,0.003101058690982699,0.008109081491821424,-0.0018369501150498992,-0.006737383926055508,-0.007553868072875896,0.02757492540686598,-0.0005290287438875149,-0.015327428936495859,273.09,270.42,276.41,271.71,-0.01552060662294089,-0.016390676283397916,0.0063365144,0.7272409181003634,1e-06,0.5232797416148575,0.28340520324256224
2025-09-16,0.000661429285963663,0.015373826114397788,-0.020497891676488956,-0.013770380405930312,0.010562616058992579,0.003101058690982699,0.008109081491821424,-0.0018369501150498992,-0.006737383926055508,-0.007553868072875896,0.02757492540686598,-0.0005290287438875149,-0.015327428936495859,-0.016390676283397916,272.0,270.06,276.82,272.17,0.0016915500098729829,0.017212156632813874,0.018768838,1.174374915993679,1e-06,0.570307249745861,0.33247905561709035
2025-09-17,0.015373826114397788,-0.020497891676488956,-0.013770380405930312,0.010562616058992579,0.003101058690982699,0.008109081491821424,-0.0018369501150498992,-0.006737383926055508,-0.007553868072875896,0.02757492540686598,-0.0005290287438875149,-0.015327428936495859,-0.016390676283397916,0.017212156632813874,272.0,271.02,274.69,272.55,0.0013952124454506376,-0.00029633756442234527,0.00058997615,0.14791943014669554,1e-06,0.5308351520821851,0.3482584538991774
2025-09-18,-0.020497891676488956,-0.013770380405930312,0.010562616058992579,0.003101058690982699,0.008109081491821424,-0.0018369501150498992,-0.006737383926055508,-0.007553868072875896,0.02757492540686598,-0.0005290287438875149,-0.015327428936495859,-0.016390676283397916,0.017212156632813874,-0.00029633756442234527,270.1,270.1,275.56,275.0,0.008949014156281482,0.0075538017108308445,0.0017771078,0.4585279002475133,1.6955053216669853,0.5360809161506291,0.34644257830127717
2025-09-19,-0.013770380405930312,0.010562616058992579,0.003101058690982699,0.008109081491821424,-0.0018369501150498992,-0.006737383926055508,-0.007553868072875896,0.02757492540686598,-0.0005290287438875149,-0.015327428936495859,-0.016390676283397916,0.017212156632813874,-0.00029633756442234527,0.0075538017108308445,272.4,271.1,275.53,275.43,0.0015624151571473222,-0.00738659899913416,-0.0070598326,0.540936162702393,0.39163501159328784,0.568259751660809,0.32191928375801293
2025-09-22,0.010562616058992579,0.003101058690982699,0.008109081491821424,-0.0018369501150498992,-0.006737383926055508,-0.007553868072875896,0.02757492540686598,-0.0005290287438875149,-0.015327428936495859,-0.016390676283397916,0.017212156632813874,-0.00029633756442234527,0.0075538017108308445,-0.00738659899913416,273.09,273.09,276.62,275.08,-0.0012715483720828304,-0.002833963529230153,0.001478034,1.354319717771011,2.723916332482931,0.6272455803007622,0.3837884643087846
2025-09-23,0.003101058690982699,0.008109081491821424,-0.0018369501150498992,-0.006737383926055508,-0.007553868072875896,0.02757492540686598,-0.0005290287438875149,-0.015327428936495859,-0.016390676283397916,0.017212156632813874,-0.00029633756442234527,0.0075538017108308445,-0.00738659899913416,-0.002833963529230153,276.16,275.0,280.34,275.01,-0.00025450380984114374,0.0010170445622416867,0.0036904612,0.7244155250281252,1e-06,0.6349088358851572,0.3846411039164107
2025-09-24,0.008109081491821424,-0.0018369501150498992,-0.006737383926055508,-0.007553868072875896,0.02757492540686598,-0.0005290287438875149,-0.015327428936495859,-0.016390676283397916,0.017212156632813874,-0.00029633756442234527,0.0075538017108308445,-0.00738659899913416,-0.002833963529230153,0.0010170445622416867,275.36,274.77,280.85,277.65,0.009553867045822437,0.00980837085566358,0.0046944926,0.560808328864824,0.7225338333849274,0.628444686570542,0.3851044949018803
2025-09-25,-0.0018369501150498992,-0.006737383926055508,-0.007553868072875896,0.02757492540686598,-0.0005290287438875149,-0.015327428936495859,-0.016390676283397916,0.017212156632813874,-0.00029633756442234527,0.0075538017108308445,-0.00738659899913416,-0.002833963529230153,0.0010170445622416867,0.00980837085566358,276.0,270.0,280.56,270.0,-0.02793936868924108,-0.03749323573506352,-0.0025815382,0.5762970431445105,1e-06,0.6455995304212746,0.3763306795368613
2025-09-26,-0.006737383926055508,-0.007553868072875896,0.02757492540686598,-0.0005290287438875149,-0.015327428936495859,-0.016390676283397916,0.017212156632813874,-0.00029633756442234527,0.0075538017108308445,-0.00738659899913416,-0.002833963529230153,0.0010170445622416867,0.00980837085566358,-0.03749323573506352,273.0,273.0,278.88,278.12,0.0296307162324426,0.05757008492168368,0.02920804,0.16757958435465195,1e-06,0.6236280267108132,0.39553509582677004
2025-09-29,-0.007553868072875896,0.02757492540686598,-0.0005290287438875149,-0.015327428936495859,-0.016390676283397916,0.017212156632813874,-0.00029633756442234527,0.0075538017108308445,-0.00738659899913416,-0.002833963529230153,0.0010170445622416867,0.00980837085566358,-0.03749323573506352,0.05757008492168368,280.22,278.16,281.5,279.45,0.0047707104848902365,-0.024860005747552365,-0.02023623,0.41332170376457567,1e-06,0.6384887034907148,0.38229464837217136
2025-09-30,0.02757492540686598,-0.0005290287438875149,-0.015327428936495859,-0.016390676283397916,0.017212156632813874,-0.00029633756442234527,0.0075538017108308445,-0.00738659899913416,-0.002833963529230153,0.0010170445622416867,0.00980837085566358,-0.03749323573506352,0.05757008492168368,-0.024860005747552365,279.0,279.0,287.67,286.81,0.02599658990538785,0.021225879420497612,0.0057236087,0.7129513303138529,7.077968408412563,0.618870962817198,0.36984589211258906
2025-10-01,-0.0005290287438875149,-0.015327428936495859,-0.016390676283397916,0.017212156632813874,-0.00029633756442234527,0.0075538017108308445,-0.00738659899913416,-0.002833963529230153,0.0010170445622416867,0.00980837085566358,-0.03749323573506352,0.05757008492168368,-0.024860005747552365,0.021225879420497612,281.2,281.2,291.12,285.95,-0.0030030052597694343,-0.028999595165157283,-0.01576615,0.7321456478780246,1e-06,0.6004030913540879,0.35604886524610374
2025-10-02,-0.015327428936495859,-0.016390676283397916,0.017212156632813874,-0.00029633756442234527,0.0075538017108308445,-0.00738659899913416,-0.002833963529230153,0.0010170445622416867,0.00980837085566358,-0.03749323573506352,0.05757008492168368,-0.024860005747552365,0.021225879420497612,-0.028999595165157283,285.21,281.24,286.26,281.43,-0.015933221555355554,-0.01293021629558612,0.012804834,0.3032646900090678,1e-06,0.6138644927370932,0.3394530882982667
2025-10-03,-0.016390676283397916,0.017212156632813874,-0.00029633756442234527,0.0075538017108308445,-0.00738659899913416,-0.002833963529230153,0.0010170445622416867,0.00980837085566358,-0.03749323573506352,0.05757008492168368,-0.024860005747552365,0.021225879420497612,-0.028999595165157283,-0.01293021629558612,280.91,279.29,286.08,284.26,0.010005563504896713,0.025938785060252267,0.017346306,0.27471878990846765,1e-06,0.5815414835805292,0.34923079276999575
2025-10-06,0.017212156632813874,-0.00029633756442234527,0.0075538017108308445,-0.00738659899913416,-0.002833963529230153,0.0010170445622416867,0.00980837085566358,-0.03749323573506352,0.05757008492168368,-0.024860005747552365,0.021225879420497612,-0.028999595165157283,-0.01293021629558612,0.025938785060252267,284.4,284.24,289.94,287.73,0.012133228097103913,0.0021276645922071995,-0.0061001796,0.31134170817835605,1e-06,0.5198962544508632,0.3105655469328644
2025-10-07,-0.00029633756442234527,0.0075538017108308445,-0.00738659899913416,-0.002833963529230153,0.0010170445622416867,0.00980837085566358,-0.03749323573506352,0.05757008492168368,-0.024860005747552365,0.021225879420497612,-0.028999595165157283,-0.01293021629558612,0.025938785060252267,0.0021276645922071995,288.94,284.0,289.73,284.36,-0.011781499346686958,-0.02391472744379087,-0.0056304275,1.4427653125081765,1e-06,0.612385246048112,0.3769741897723681
2025-10-08,0.0075538017108308445,-0.00738659899913416,-0.002833963529230153,0.0010170445622416867,0.00980837085566358,-0.03749323573506352,0.05757008492168368,-0.024860005747552365,0.021225879420497612,-0.028999595165157283,-0.01293021629558612,0.025938785060252267,0.0021276645922071995,-0.02391472744379087,285.95,285.38,290.54,290.54,0.02150021938345527,0.033281718730142226,0.013567404,0.030318951897276403,1e-06,0.5817988925945236,0.4066235978710142
2025-10-09,-0.00738659899913416,-0.002833963529230153,0.0010170445622416867,0.00980837085566358,-0.03749323573506352,0.05757008492168368,-0.024860005747552365,0.021225879420497612,-0.028999595165157283,-0.01293021629558612,0.025938785060252267,0.0021276645922071995,-0.02391472744379087,0.033281718730142226,290.46,284.57,291.04,286.13,-0.015295007444830236,-0.0367952268282855,-0.016485458,0.6921959947967292,1e-06,0.5926031663155475,0.40746300061797497
2025-10-10,-0.002833963529230153,0.0010170445622416867,0.00980837085566358,-0.03749323573506352,0.05757008492168368,-0.024860005747552365,0.021225879420497612,-0.028999595165157283,-0.01293021629558612,0.025938785060252267,0.0021276645922071995,-0.02391472744379087,0.033281718730142226,-0.0367952268282855,284.71,281.0,287.12,283.0,-0.010999355356669186,0.00429565208816105,0.017626692,0.378000063030993,1e-06,0.5228660481198321,0.34597642509309817
2025-10-13,0.0010170445622416867,0.00980837085566358,-0.03749323573506352,0.05757008492168368,-0.024860005747552365,0.021225879420497612,-0.028999595165157283,-0.01293021629558612,0.025938785060252267,0.0021276645922071995,-0.02391472744379087,0.033281718730142226,-0.0367952268282855,0.00429565208816105,283.02,283.02,287.78,286.74,0.013128984174884572,0.024128339531553758,0.013068715,0.4098554394335976,1e-06,0.5003974705773657,0.34207257616356174
2025-10-14,0.00980837085566358,-0.03749323573506352,0.05757008492168368,-0.024860005747552365,0.021225879420497612,-0.028999595165157283,-0.01293021629558612,0.025938785060252267,0.0021276645922071995,-0.02391472744379087,0.033281718730142226,-0.0367952268282855,0.00429565208816105,0.024128339531553758,285.0,283.0,295.98,290.7,0.013715925746708532,0.0005869415718239603,-0.00531446,0.9788380064167462,1e-06,0.5302567332596458,0.3652134499487957
2025-10-15,-0.03749323573506352,0.05757008492168368,-0.024860005747552365,0.021225879420497612,-0.028999595165157283,-0.01293021629558612,0.025938785060252267,0.0021276645922071995,-0.02391472744379087,0.033281718730142226,-0.0367952268282855,0.00429565208816105,0.024128339531553758,0.0005869415718239603,291.38,278.61,294.6,284.97,-0.01990789599462905,-0.03362382174133759,-0.0049628727,0.29475679117990466,0.7952763311097184,0.510146715262174,0.3702005657391642
2025-10-16,0.05757008492168368,-0.024860005747552365,0.021225879420497612,-0.028999595165157283,-0.01293021629558612,0.025938785060252267,0.0021276645922071995,-0.02391472744379087,0.033281718730142226,-0.0367952268282855,0.00429565208816105,0.024128339531553758,0.0005869415718239603,-0.03362382174133759,285.34,282.5,286.03,282.51,-0.008669963380119128,0.011237932614509923,0.020108344,0.12610638330184756,0.8683057879175038,0.5071843437584023,0.37330559184356654
2025-10-17,-0.024860005747552365,0.021225879420497612,-0.028999595165157283,-0.01293021629558612,0.025938785060252267,0.0021276645922071995,-0.02391472744379087,0.033281718730142226,-0.0367952268282855,0.00429565208816105,0.024128339531553758,0.0005869415718239603,-0.03362382174133759,0.011237932614509923,279.71,277.0,281.9,279.14,-0.012000500109583116,-0.0033305367294639877,0.014202367,0.3083514187682395,1e-06,0.49968646625866403,0.3763773808148186
2025-10-20,0.021225879420497612,-0.028999595165157283,-0.01293021629558612,0.025938785060252267,0.0021276645922071995,-0.02391472744379087,0.033281718730142226,-0.0367952268282855,0.00429565208816105,0.024128339531553758,0.0005869415718239603,-0.03362382174133759,0.011237932614509923,-0.0033305367294639877,280.19,279.0,286.88,285.07,0.021021316065051202,0.033021816174634316,0.013229332,0.31466171656839736,0.2637725839573546,0.4712372081339886,0.37406296652023546
2025-10-21,-0.028999595165157283,-0.01293021629558612,0.025938785060252267,0.0021276645922071995,-0.02391472744379087,0.033281718730142226,-0.0367952268282855,0.00429565208816105,0.024128339531553758,0.0005869415718239603,-0.03362382174133759,0.011237932614509923,-0.0033305367294639877,0.033021816174634316,285.42,284.51,290.83,287.07,0.006991324313732119,-0.014029991751319082,-0.016014853,0.7865640529343558,0.8124491632970589,0.47512423706658374,0.3772518662024608
2025-10-22,-0.01293021629558612,0.025938785060252267,0.0021276645922071995,-0.02391472744379087,0.033281718730142226,-0.0367952268282855,0.00429565208816105,0.024128339531553758,0.0005869415718239603,-0.03362382174133759,0.011237932614509923,-0.0033305367294639877,0.033021816174634316,-0.014029991751319082,287.9,280.54,288.0,283.51,-0.0124786925449582,-0.01947001685869032,-0.0032965373,0.6267195781919792,0.44397870644002785,0.49822815765107736,0.3758190015132058
2025-10-23,0.025938785060252267,0.0021276645922071995,-0.02391472744379087,0.033281718730142226,-0.0367952268282855,0.00429565208816105,0.024128339531553758,0.0005869415718239603,-0.03362382174133759,0.011237932614509923,-0.0033305367294639877,0.033021816174634316,-0.014029991751319082,-0.01947001685869032,282.04,282.04,291.76,289.77,0.021840108944991554,0.03431880148994976,0.013159855,0.5185698954235642,0.7741517625916847,0.5156460937592986,0.370273178834025
2025-10-24,0.0021276645922071995,-0.02391472744379087,0.033281718730142226,-0.0367952268282855,0.00429565208816105,0.024128339531553758,0.0005869415718239603,-0.03362382174133759,0.011237932614509923,-0.0033305367294639877,0.033021816174634316,-0.014029991751319082,-0.01947001685869032,0.03431880148994976,289.1,287.68,300.87,299.14,0.03182418637186651,0.009984077426874953,-0.0151678715,0.5185698954235642,1e-06,0.5304481071339563,0.3655901259796336
2025-10-27,-0.02391472744379087,0.033281718730142226,-0.0367952268282855,0.00429565208816105,0.024128339531553758,0.0005869415718239603,-0.03362382174133759,0.011237932614509923,-0.0033305367294639877,0.033021816174634316,-0.014029991751319082,-0.01947001685869032,0.03431880148994976,0.009984077426874953,302.05,299.0,308.8,300.69,0.005168142473704345,-0.02665604389816216,-0.021359328,0.5185698954235642,0.11612480624869836,0.46443414877076966,0.25485115319281443
2025-10-28,0.033281718730142226,-0.0367952268282855,0.00429565208816105,0.024128339531553758,0.0005869415718239603,-0.03362382174133759,0.011237932614509923,-0.0033305367294639877,0.033021816174634316,-0.014029991751319082,-0.01947001685869032,0.03431880148994976,0.009984077426874953,-0.02665604389816216,299.21,298.0,303.58,298.57,-0.007075422501782794,-0.01224356497548714,-0.0024397743,0.39961191208918656,2.7061517636022243,0.49081221735590613,0.22366580785904955
2025-10-29,-0.0367952268282855,0.00429565208816105,0.024128339531553758,0.0005869415718239603,-0.03362382174133759,0.011237932614509923,-0.0033305367294639877,0.033021816174634316,-0.014029991751319082,-0.01947001685869032,0.03431880148994976,0.009984077426874953,-0.02665604389816216,-0.01224356497548714,298.05,295.03,301.11,297.84,-0.0024479816386398902,0.0046274408631429035,0.011118395,0.5655895439655385,1e-06,0.4817688994393925,0.21736789042499025
2025-10-30,0.00429565208816105,0.024128339531553758,0.0005869415718239603,-0.03362382174133759,0.011237932614509923,-0.0033305367294639877,0.033021816174634316,-0.014029991751319082,-0.01947001685869032,0.03431880148994976,0.009984077426874953,-0.02665604389816216,-0.01224356497548714,0.0046274408631429035,311.97,311.97,328.89,316.98,0.06228225083981835,0.06473023247845824,0.0033800409,0.5655895439655385,1.418467686916802,0.4951681480775743,0.21625817337756523
2025-10-31,0.024128339531553758,0.0005869415718239603,-0.03362382174133759,0.011237932614509923,-0.0033305367294639877,0.033021816174634316,-0.014029991751319082,-0.01947001685869032,0.03431880148994976,0.009984077426874953,-0.02665604389816216,-0.01224356497548714,0.0046274408631429035,0.06473023247845824,314.95,312.43,323.08,320.82,0.01204153778441589,-0.05024071305540246,-0.052401844,0.5655895439655385,1e-06,0.5062920126869986,0.21553641809583401
2025-11-03,0.0005869415718239603,-0.03362382174133759,0.011237932614509923,-0.0033305367294639877,0.033021816174634316,-0.014029991751319082,-0.01947001685869032,0.03431880148994976,0.009984077426874953,-0.02665604389816216,-0.01224356497548714,0.0046274408631429035,0.06473023247845824,-0.05024071305540246,319.46,311.36,322.76,316.85,-0.012451742419168955,-0.024493280203584843,-0.003734326,0.8810612456698065,2.950811096258434,0.49930795834793157,0.20007627419079274
2025-11-04,-0.03362382174133759,0.011237932614509923,-0.0033305367294639877,0.033021816174634316,-0.014029991751319082,-0.01947001685869032,0.03431880148994976,0.009984077426874953,-0.02665604389816216,-0.01224356497548714,0.0046274408631429035,0.06473023247845824,-0.05024071305540246,-0.024493280203584843,310.85,310.85,317.64,315.66,-0.0037627907987549288,0.008688951620414026,0.018053835,0.46007717817978677,1e-06,0.5111165574193517,0.19178160122254603
2025-11-05,0.011237932614509923,-0.0033305367294639877,0.033021816174634316,-0.014029991751319082,-0.01947001685869032,0.03431880148994976,0.009984077426874953,-0.02665604389816216,-0.01224356497548714,0.0046274408631429035,0.06473023247845824,-0.05024071305540246,-0.024493280203584843,0.008688951620414026,310.95,305.0,313.89,305.25,-0.03353457197995665,-0.02977178118120172,0.007222795,0.7237894336801467,1.2578269314801132,0.5538082038749446,0.16399418798826246
2025-11-06,-0.0033305367294639877,0.033021816174634316,-0.014029991751319082,-0.01947001685869032,0.03431880148994976,0.009984077426874953,-0.02665604389816216,-0.01224356497548714,0.0046274408631429035,0.06473023247845824,-0.05024071305540246,-0.024493280203584843,0.008688951620414026,-0.02977178118120172,305.1,301.66,307.49,305.38,0.00042578976455164545,0.0339603617445083,0.033478532,0.17146711863785322,1e-06,0.5440307538656313,0.1827609853006543
2025-11-07,0.033021816174634316,-0.014029991751319082,-0.01947001685869032,0.03431880148994976,0.009984077426874953,-0.02665604389816216,-0.01224356497548714,0.0046274408631429035,0.06473023247845824,-0.05024071305540246,-0.024493280203584843,0.008688951620414026,-0.02977178118120172,0.0339603617445083,302.02,299.0,310.57,310.01,0.015047652268062588,0.014621862503510942,0.0040605217,0.30494732305286254,1e-06,0.5433368686145216,0.18371476672549075
2025-11-10,-0.014029991751319082,-0.01947001685869032,0.03431880148994976,0.009984077426874953,-0.02665604389816216,-0.01224356497548714,0.0046274408631429035,0.06473023247845824,-0.05024071305540246,-0.024493280203584843,0.008688951620414026,-0.02977178118120172,0.0339603617445083,0.014621862503510942,309.78,309.78,319.6,318.44,0.026829519196949873,0.011781866928887285,0.0003401076,1.5342322783039473,1.179959170561999,0.5967417418552067,0.3188379893177589
2025-11-11,-0.01947001685869032,0.03431880148994976,0.009984077426874953,-0.02665604389816216,-0.01224356497548714,0.0046274408631429035,0.06473023247845824,-0.05024071305540246,-0.024493280203584843,0.008688951620414026,-0.02977178118120172,0.0339603617445083,0.014621862503510942,0.011781866928887285,319.93,314.32,327.76,323.03,0.014311123946234123,-0.01251839525071575,-0.014699894,1.5342322783039473,0.15081076654488867,0.6615640775774903,0.40579573934897
2025-11-12,0.03431880148994976,0.009984077426874953,-0.02665604389816216,-0.01224356497548714,0.0046274408631429035,0.06473023247845824,-0.05024071305540246,-0.024493280203584843,0.008688951620414026,-0.02977178118120172,0.0339603617445083,0.014621862503510942,0.011781866928887285,-0.01251839525071575,320.0,317.25,325.04,317.98,-0.015756710446047956,-0.030067834392282076,-0.00015893123,1.5342322783039473,1e-06,0.7341113906403748,0.4647688625320502
2025-11-13,0.009984077426874953,-0.02665604389816216,-0.01224356497548714,0.0046274408631429035,0.06473023247845824,-0.05024071305540246,-0.024493280203584843,0.008688951620414026,-0.02977178118120172,0.0339603617445083,0.014621862503510942,0.011781866928887285,-0.01251839525071575,-0.030067834392282076,316.05,310.0,318.13,311.28,-0.021295659044264774,-0.005538948598216818,0.029555967,0.273917671081004,1e-06,0.7166362317587633,0.4779101966979079
2025-11-14,-0.02665604389816216,-0.01224356497548714,0.0046274408631429035,0.06473023247845824,-0.05024071305540246,-0.024493280203584843,0.008688951620414026,-0.02977178118120172,0.0339603617445083,0.014621862503510942,0.011781866928887285,-0.01251839525071575,-0.030067834392282076,-0.005538948598216818,305.41,304.67,316.98,313.69,0.007712408422179205,0.02900806746644398,0.03272074,0.3863290556704434,1e-06,0.7071904574906833,0.48340136765557856
2025-11-17,-0.01224356497548714,0.0046274408631429035,0.06473023247845824,-0.05024071305540246,-0.024493280203584843,0.008688951620414026,-0.02977178118120172,0.0339603617445083,0.014621862503510942,0.011781866928887285,-0.01251839525071575,-0.030067834392282076,-0.005538948598216818,0.02900806746644398,313.0,308.0,313.95,309.27,-0.01419055532207383,-0.021902963744253035,0.0015806566,0.06556289071062162,0.9295630957287215,0.6833298131065001,0.5073998739593468
2025-11-18,0.0046274408631429035,0.06473023247845824,-0.05024071305540246,-0.024493280203584843,0.008688951620414026,-0.02977178118120172,0.0339603617445083,0.014621862503510942,0.011781866928887285,-0.01251839525071575,-0.030067834392282076,-0.005538948598216818,0.02900806746644398,-0.021902963744253035,308.81,305.0,311.31,307.75,-0.004926916711839874,0.009263638610233955,0.022666652,0.3311315338852323,1e-06,0.6665828123864782,0.5153911588199408
2025-11-19,0.06473023247845824,-0.05024071305540246,-0.024493280203584843,0.008688951620414026,-0.02977178118120172,0.0339603617445083,0.014621862503510942,0.011781866928887285,-0.01251839525071575,-0.030067834392282076,-0.005538948598216818,0.02900806746644398,-0.021902963744253035,0.009263638610233955,303.47,303.21,310.9,309.44,0.005476447200366743,0.010403363912206618,0.010249629,0.575178793427919,1e-06,0.6672677587766482,0.5152529693834886
2025-11-20,-0.05024071305540246,-0.024493280203584843,0.008688951620414026,-0.02977178118120172,0.0339603617445083,0.014621862503510942,0.011781866928887285,-0.01251839525071575,-0.030067834392282076,-0.005538948598216818,0.02900806746644398,-0.021902963744253035,0.009263638610233955,0.010403363912206618,313.33,300.85,316.89,300.9,-0.027986228628929806,-0.033462675829296545,0.0026796584,0.4732813514690289,1.800879463901699,0.6606743164554689,0.5172409593269091
2025-11-21,-0.024493280203584843,0.008688951620414026,-0.02977178118120172,0.0339603617445083,0.014621862503510942,0.011781866928887285,-0.01251839525071575,-0.030067834392282076,-0.005538948598216818,0.02900806746644398,-0.021902963744253035,0.009263638610233955,0.010403363912206618,-0.033462675829296545,298.29,295.0,307.9,304.96,0.013402636829838003,0.04138886545876781,0.020310272,0.16701411048035325,1e-06,0.6096709496562223,0.5289109218673439
2025-11-24,0.008688951620414026,-0.02977178118120172,0.0339603617445083,0.014621862503510942,0.011781866928887285,-0.01251839525071575,-0.030067834392282076,-0.005538948598216818,0.02900806746644398,-0.021902963744253035,0.009263638610233955,0.010403363912206618,-0.033462675829296545,0.04138886545876781,300.77,300.14,311.01,309.88,0.016004505297864752,0.0026018684680267495,-0.010378089,0.7072574553274641,1e-06,0.6273266837381992,0.5276572753435173
2025-11-25,-0.02977178118120172,0.0339603617445083,0.014621862503510942,0.011781866928887285,-0.01251839525071575,-0.030067834392282076,-0.005538948598216818,0.02900806746644398,-0.021902963744253035,0.009263638610233955,0.010403363912206618,-0.033462675829296545,0.04138886545876781,0.0026018684680267495,309.88,305.57,316.05,314.76,0.015625317903081033,-0.0003791873947837192,-0.006474118,0.8136595453403038,0.5530121078367367,0.6337459774282105,0.5294646478678715
2025-11-26,0.0339603617445083,0.014621862503510942,0.011781866928887285,-0.01251839525071575,-0.030067834392282076,-0.005538948598216818,0.02900806746644398,-0.021902963744253035,0.009263638610233955,0.010403363912206618,-0.033462675829296545,0.04138886545876781,0.0026018684680267495,-0.0003791873947837192,313.95,311.9,317.14,313.97,-0.002513003724173154,-0.01813832162725419,-0.008245942,0.5696893636977565,1e-06,0.6621904235039179,0.5131652057233679
2025-11-28,0.014621862503510942,0.011781866928887285,-0.01251839525071575,-0.030067834392282076,-0.005538948598216818,0.02900806746644398,-0.021902963744253035,0.009263638610233955,0.010403363912206618,-0.033462675829296545,0.04138886545876781,0.0026018684680267495,-0.0003791873947837192,-0.01813832162725419,313.0,310.73,313.74,312.45,-0.004852983567518319,-0.002339979843345165,0.011590406,0.16313601449677645,0.3829269042475746,0.6520610443213403,0.5220814170634859
2025-12-01,0.011781866928887285,-0.01251839525071575,-0.030067834392282076,-0.005538948598216818,0.02900806746644398,-0.021902963744253035,0.009263638610233955,0.010403363912206618,-0.033462675829296545,0.04138886545876781,0.0026018684680267495,-0.0003791873947837192,-0.01813832162725419,-0.002339979843345165,309.44,305.78,310.27,306.28,-0.019944740130167792,-0.015091756562649473,0.009941063,0.6561850200856605,0.07301872680113139,0.589343383020034,0.4565859030407063
2025-12-02,-0.01251839525071575,-0.030067834392282076,-0.005538948598216818,0.02900806746644398,-0.021902963744253035,0.009263638610233955,0.010403363912206618,-0.033462675829296545,0.04138886545876781,0.0026018684680267495,-0.0003791873947837192,-0.01813832162725419,-0.002339979843345165,-0.015091756562649473,306.27,306.27,310.55,307.0,0.0023480313422747047,0.022292771472442498,0.016266717,0.35090822309666164,1e-06,0.5048202362195136,0.3694212685297227
2025-12-03,-0.030067834392282076,-0.005538948598216818,0.02900806746644398,-0.021902963744253035,0.009263638610233955,0.010403363912206618,-0.033462675829296545,0.04138886545876781,0.0026018684680267495,-0.0003791873947837192,-0.01813832162725419,-0.002339979843345165,-0.015091756562649473,0.022292771472442498,305.64,303.74,309.88,309.44,0.00791646467773254,0.005568433335457835,-0.0063955113,0.3252449366389391,1.1392869254685167,0.41846399752915586,0.22227693982749513
2025-12-04,-0.005538948598216818,0.02900806746644398,-0.021902963744253035,0.009263638610233955,0.010403363912206618,-0.033462675829296545,0.04138886545876781,0.0026018684680267495,-0.0003791873947837192,-0.01813832162725419,-0.002339979843345165,-0.015091756562649473,0.022292771472442498,0.005568433335457835,307.0,307.0,318.29,315.75,0.020186548965671187,0.012270084287938647,-0.008389505,0.8237760475454026,1e-06,0.4577395958480415,0.2424363031967862
2025-12-05,0.02900806746644398,-0.021902963744253035,0.009263638610233955,0.010403363912206618,-0.033462675829296545,0.04138886545876781,0.0026018684680267495,-0.0003791873947837192,-0.01813832162725419,-0.002339979843345165,-0.015091756562649473,0.022292771472442498,0.005568433335457835,0.012270084287938647,312.07,300.18,314.3,303.36,-0.04003054216394322,-0.06021709112961441,-0.021475833,0.3330235636723998,1e-06,0.45393206070532416,0.24405726870481553
2025-12-08,-0.021902963744253035,0.009263638610233955,0.010403363912206618,-0.033462675829296545,0.04138886545876781,0.0026018684680267495,-0.0003791873947837192,-0.01813832162725419,-0.002339979843345165,-0.015091756562649473,0.022292771472442498,0.005568433335457835,0.012270084287938647,-0.06021709112961441,304.0,304.0,316.46,314.74,0.03682668210606165,0.07685722427000488,0.03307763,1.0199174744161539,1e-06,0.5221002452557193,0.25999757576414195
2025-12-09,0.009263638610233955,0.010403363912206618,-0.033462675829296545,0.04138886545876781,0.0026018684680267495,-0.0003791873947837192,-0.01813832162725419,-0.002339979843345165,-0.015091756562649473,0.022292771472442498,0.005568433335457835,0.012270084287938647,-0.06021709112961441,0.07685722427000488,315.1,312.92,319.85,314.77,9.53122270424888e-05,-0.03673136987901916,-0.027907163,0.6604162677147477,1e-06,0.545620583386399,0.25626023391308256
2025-12-10,0.010403363912206618,-0.033462675829296545,0.04138886545876781,0.0026018684680267495,-0.0003791873947837192,-0.01813832162725419,-0.002339979843345165,-0.015091756562649473,0.022292771472442498,0.005568433335457835,0.012270084287938647,-0.06021709112961441,0.07685722427000488,-0.03673136987901916,312.58,311.91,326.42,323.23,0.026521930721683056,0.026426618494640567,0.011454826,0.5936549287691497,1e-06,0.5469403073393441,0.2564716545238423
2025-12-11,-0.033462675829296545,0.04138886545876781,0.0026018684680267495,-0.0003791873947837192,-0.01813832162725419,-0.002339979843345165,-0.015091756562649473,0.022292771472442498,0.005568433335457835,0.012270084287938647,-0.06021709112961441,0.07685722427000488,-0.03673136987901916,0.026426618494640567,322.01,321.0,330.17,325.49,0.006967595089045604,-0.019554335632637452,-0.015214313,0.5936549287691497,0.4377268829768156,0.5555384200036385,0.25582924788594613
2025-12-12,0.04138886545876781,0.0026018684680267495,-0.0003791873947837192,-0.01813832162725419,-0.002339979843345165,-0.015091756562649473,0.022292771472442498,0.005568433335457835,0.012270084287938647,-0.06021709112961441,0.07685722427000488,-0.03673136987901916,0.026426618494640567,-0.019554335632637452,331.13,325.99,331.13,327.1,0.004934195333849577,-0.002033399755196027,0.0056752884,0.5936549287691497,3.7374734700389514,0.5860127641671239,0.2301056585035796
2025-12-15,0.0026018684680267495,-0.0003791873947837192,-0.01813832162725419,-0.002339979843345165,-0.015091756562649473,0.022292771472442498,0.005568433335457835,0.012270084287938647,-0.06021709112961441,0.07685722427000488,-0.03673136987901916,0.026426618494640567,-0.019554335632637452,-0.002033399755196027,327.43,324.55,330.68,329.13,0.006186874953171213,0.001252679619321636,0.0028378074,0.9618529448695327,1e-06,0.6041981562772716,0.2496547817208048
2025-12-16,-0.0003791873947837192,-0.01813832162725419,-0.002339979843345165,-0.015091756562649473,0.022292771472442498,0.005568433335457835,0.012270084287938647,-0.06021709112961441,0.07685722427000488,-0.03673136987901916,0.026426618494640567,-0.019554335632637452,-0.002033399755196027,0.001252679619321636,326.0,322.15,327.19,326.02,-0.00949408031936532,-0.01568095527253653,0.0009184976,0.17122390042183622,1e-06,0.5583098959259525,0.26665593057796133
2025-12-17,-0.01813832162725419,-0.002339979843345165,-0.015091756562649473,0.022292771472442498,0.005568433335457835,0.012270084287938647,-0.06021709112961441,0.07685722427000488,-0.03673136987901916,0.026426618494640567,-0.019554335632637452,-0.002033399755196027,0.001252679619321636,-0.01568095527253653,323.91,317.99,326.85,320.38,-0.017450937904805987,-0.007956857585440668,0.009014152,0.42459577562900813,1e-06,0.5479460682067562,0.2689890271984646
2025-12-18,-0.002339979843345165,-0.015091756562649473,0.022292771472442498,0.005568433335457835,0.012270084287938647,-0.06021709112961441,0.07685722427000488,-0.03673136987901916,0.026426618494640567,-0.019554335632637452,-0.002033399755196027,0.001252679619321636,-0.01568095527253653,-0.007956857585440668,319.35,317.35,326.21,321.68,0.004049471315681403,0.02150040922048739,0.016221782,0.8980890827803121,1e-06,0.6004427159412945,0.25966769276883517
2025-12-19,-0.015091756562649473,0.022292771472442498,0.005568433335457835,0.012270084287938647,-0.06021709112961441,0.07685722427000488,-0.03673136987901916,0.026426618494640567,-0.019554335632637452,-0.002033399755196027,0.001252679619321636,-0.01568095527253653,-0.007956857585440668,0.02150040922048739,327.0,326.39,337.06,333.94,0.037404073531792544,0.03335460221611114,-0.0078122616,0.8980890827803121,0.298930817883905,0.6177215775623409,0.27144362880983186
2025-12-22,0.022292771472442498,0.005568433335457835,0.012270084287938647,-0.06021709112961441,0.07685722427000488,-0.03673136987901916,0.026426618494640567,-0.019554335632637452,-0.002033399755196027,0.001252679619321636,-0.01568095527253653,-0.007956857585440668,0.02150040922048739,0.03335460221611114,338.01,338.01,357.1,353.44,0.05675240355099633,0.019348330019203788,-0.027461663,0.8980890827803121,1e-06,0.6568059246826017,0.2694569656353496
2025-12-23,0.005568433335457835,0.012270084287938647,-0.06021709112961441,0.07685722427000488,-0.03673136987901916,0.026426618494640567,-0.019554335632637452,-0.002033399755196027,0.001252679619321636,-0.01568095527253653,-0.007956857585440668,0.02150040922048739,0.03335460221611114,0.019348330019203788,354.0,351.17,359.25,354.6,0.003276653968300783,-0.05347574958269555,-0.03922795,0.8980890827803121,1e-06,0.6977233636926997,0.25850714771540634
2025-12-24,0.012270084287938647,-0.06021709112961441,0.07685722427000488,-0.03673136987901916,0.026426618494640567,-0.019554335632637452,-0.002033399755196027,0.001252679619321636,-0.01568095527253653,-0.007956857585440668,0.02150040922048739,0.03335460221611114,0.019348330019203788,-0.05347574958269555,353.5,353.01,358.0,354.53,-0.0001974250143904223,-0.003474078982691205,0.008488053,0.8980890827803121,0.13177623003028793,0.7030314376380504,0.26203346434147107
2025-12-26,-0.06021709112961441,0.07685722427000488,-0.03673136987901916,0.026426618494640567,-0.019554335632637452,-0.002033399755196027,0.001252679619321636,-0.01568095527253653,-0.007956857585440668,0.02150040922048739,0.03335460221611114,0.019348330019203788,-0.05347574958269555,-0.003474078982691205,353.67,350.0,353.67,350.79,-0.010605214805379909,-0.010407789790989486,0.014518586,0.5917537683715017,1e-06,0.7215121665451292,0.24231183719141214
2025-12-29,0.07685722427000488,-0.03673136987901916,0.026426618494640567,-0.019554335632637452,-0.002033399755196027,0.001252679619321636,-0.01568095527253653,-0.007956857585440668,0.02150040922048739,0.03335460221611114,0.019348330019203788,-0.05347574958269555,-0.003474078982691205,-0.010407789790989486,348.68,344.4,350.14,345.73,-0.014529630212489797,-0.003924415407109888,0.016486434,0.7156737358177736,1.1277263310302295,0.6997804709309591,0.22662608495188177
2025-12-30,-0.03673136987901916,0.026426618494640567,-0.019554335632637452,-0.002033399755196027,0.001252679619321636,-0.01568095527253653,-0.007956857585440668,0.02150040922048739,0.03335460221611114,0.019348330019203788,-0.05347574958269555,-0.003474078982691205,-0.010407789790989486,-0.003924415407109888,345.99,340.05,345.99,340.6,-0.014949355379258627,-0.00041972516676883065,0.02273013,0.35760324804623767,1e-06,0.6781509695260655,0.24442365296596463
2025-12-31,0.026426618494640567,-0.019554335632637452,-0.002033399755196027,0.001252679619321636,-0.01568095527253653,-0.007956857585440668,0.02150040922048739,0.03335460221611114,0.019348330019203788,-0.05347574958269555,-0.003474078982691205,-0.010407789790989486,-0.003924415407109888,-0.00041972516676883065,340.9,339.9,342.65,340.27,-0.000969348115910427,0.0139800072633482,0.014800643,0.1844698534628858,0.4380453766390332,0.6489234641470467,0.27752754432172416
2026-01-02,-0.019554335632637452,-0.002033399755196027,0.001252679619321636,-0.01568095527253653,-0.007956857585440668,0.02150040922048739,0.03335460221611114,0.019348330019203788,-0.05347574958269555,-0.003474078982691205,-0.010407789790989486,-0.003924415407109888,-0.00041972516676883065,0.0139800072633482,339.21,335.5,349.27,347.25,0.02030556152177591,0.021274909637686336,0.005227809,0.6186462108128193,4.4847316128382175,0.6507085557215946,0.27722491306127917
2026-01-05,-0.002033399755196027,0.001252679619321636,-0.01568095527253653,-0.007956857585440668,0.02150040922048739,0.03335460221611114,0.019348330019203788,-0.05347574958269555,-0.003474078982691205,-0.010407789790989486,-0.003924415407109888,-0.00041972516676883065,0.0139800072633482,0.021274909637686336,358.0,358.0,364.96,363.51,0.04576182527708787,0.025456263755311962,-0.017581794,0.6186462108128193,1e-06,0.6524936472961425,0.27690955859956073
2026-01-06,0.001252679619321636,-0.01568095527253653,-0.007956857585440668,0.02150040922048739,0.03335460221611114,0.019348330019203788,-0.05347574958269555,-0.003474078982691205,-0.010407789790989486,-0.003924415407109888,-0.00041972516676883065,0.0139800072633482,0.021274909637686336,0.025456263755311962,364.95,363.48,369.94,367.0,0.00955504114302966,-0.036206784134058215,-0.028754473,0.6186462108128193,1e-06,0.6279788805778058,0.26221755329222257
2026-01-07,-0.01568095527253653,-0.007956857585440668,0.02150040922048739,0.03335460221611114,0.019348330019203788,-0.05347574958269555,-0.003474078982691205,-0.010407789790989486,-0.003924415407109888,-0.00041972516676883065,0.0139800072633482,0.021274909637686336,0.025456263755311962,-0.036206784134058215,367.33,356.01,374.05,356.01,-0.03040302770941261,-0.03995806885244227,0.0027633626,0.6186462108128193,1e-06,0.6599376170343046,0.22719316136687837
2026-01-08,-0.007956857585440668,0.02150040922048739,0.03335460221611114,0.019348330019203788,-0.05347574958269555,-0.003474078982691205,-0.010407789790989486,-0.003924415407109888,-0.00041972516676883065,0.0139800072633482,0.021274909637686336,0.025456263755311962,-0.036206784134058215,-0.03995806885244227,379.29,373.41,388.77,378.41,0.06101944354468823,0.09142247125410084,0.04381877,0.6186462108128193,1e-06,0.6737983624045769,0.217440891645564
2026-01-09,0.02150040922048739,0.03335460221611114,0.019348330019203788,-0.05347574958269555,-0.003474078982691205,-0.010407789790989486,-0.003924415407109888,-0.00041972516676883065,0.0139800072633482,0.021274909637686336,0.025456263755311962,-0.036206784134058215,-0.03995806885244227,0.09142247125410084,383.62,379.76,390.68,387.88,0.02471774954650034,-0.03630169399818789,-0.038510237,0.6186462108128193,1e-06,0.6538381572640416,0.2078839789594255
2026-01-12,0.03335460221611114,0.019348330019203788,-0.05347574958269555,-0.003474078982691205,-0.010407789790989486,-0.003924415407109888,-0.00041972516676883065,0.0139800072633482,0.021274909637686336,0.025456263755311962,-0.036206784134058215,-0.03995806885244227,0.09142247125410084,-0.03630169399818789,391.1,390.0,398.85,396.98,0.023189888148086406,-0.0015278613984139322,0.0024078782,0.6186462108128193,1e-06,0.6338779521235064,0.19568557091454686
2026-01-13,0.019348330019203788,-0.05347574958269555,-0.003474078982691205,-0.010407789790989486,-0.003924415407109888,-0.00041972516676883065,0.0139800072633482,0.021274909637686336,0.025456263755311962,-0.036206784134058215,-0.03995806885244227,0.09142247125410084,-0.03630169399818789,-0.0015278613984139322,396.98,396.98,414.16,411.63,0.03623898601676213,0.01304909786867572,-0.00200856,0.6186462108128193,8.397063694942268,0.6139177469829712,0.1803103525260428
2026-01-14,-0.05347574958269555,-0.003474078982691205,-0.010407789790989486,-0.003924415407109888,-0.00041972516676883065,0.0139800072633482,0.021274909637686336,0.025456263755311962,-0.036206784134058215,-0.03995806885244227,0.09142247125410084,-0.03630169399818789,-0.0015278613984139322,0.01304909786867572,414.1,409.2,424.61,415.5,0.009357726694309567,-0.026881259322452562,-0.016956873,0.6186462108128193,1.0321594964849183,0.593957541842436,0.16084990021676693
2026-01-15,-0.003474078982691205,-0.010407789790989486,-0.003924415407109888,-0.00041972516676883065,0.0139800072633482,0.021274909637686336,0.025456263755311962,-0.036206784134058215,-0.03995806885244227,0.09142247125410084,-0.03630169399818789,-0.0015278613984139322,0.01304909786867572,-0.026881259322452562,409.7,401.66,420.09,418.68,0.007624290691180372,-0.0017334360031291945,-0.0061324597,0.43123875930747824,1.8968849967377586,0.5606110901658049,0.13998862081259913
2026-01-16,-0.010407789790989486,-0.003924415407109888,-0.00041972516676883065,0.0139800072633482,0.021274909637686336,0.025456263755311962,-0.036206784134058215,-0.03995806885244227,0.09142247125410084,-0.03630169399818789,-0.0015278613984139322,0.01304909786867572,-0.026881259322452562,-0.0017334360031291945,421.12,420.0,427.35,425.38,0.01587598209971619,0.008251691408535818,-0.0011725749,0.43123875930747824,1e-06,0.5491457323755176,0.1437641104826933
2026-01-20,-0.003924415407109888,-0.00041972516676883065,0.0139800072633482,0.021274909637686336,0.025456263755311962,-0.036206784134058215,-0.03995806885244227,0.09142247125410084,-0.03630169399818789,-0.0015278613984139322,0.01304909786867572,-0.026881259322452562,-0.0017334360031291945,0.008251691408535818,423.55,412.15,430.96,413.6,-0.028083563892179347,-0.04395954599189554,-0.0076162117,0.43123875930747824,1e-06,0.5288289483390678,0.1384188813806937
2026-01-21,-0.00041972516676883065,0.0139800072633482,0.021274909637686336,0.025456263755311962,-0.036206784134058215,-0.03995806885244227,0.09142247125410084,-0.03630169399818789,-0.0015278613984139322,0.01304909786867572,-0.026881259322452562,-0.0017334360031291945,0.008251691408535818,-0.04395954599189554,421.14,410.2,425.15,421.32,0.018493316774122016,0.04657688066630136,0.033265952,0.40583565259617993,1e-06,0.5322741200926351,0.13437037472083804
2026-01-22,0.0139800072633482,0.021274909637686336,0.025456263755311962,-0.036206784134058215,-0.03995806885244227,0.09142247125410084,-0.03630169399818789,-0.0015278613984139322,0.01304909786867572,-0.026881259322452562,-0.0017334360031291945,0.008251691408535818,-0.04395954599189554,0.04657688066630136,419.5,416.15,426.4,423.5,0.005160874123768194,-0.013332442650353823,-0.0091695385,0.30405941758620586,1e-06,0.5408162318157294,0.11259620295914542
2026-01-23,0.021274909637686336,0.025456263755311962,-0.036206784134058215,-0.03995806885244227,0.09142247125410084,-0.03630169399818789,-0.0015278613984139322,0.01304909786867572,-0.026881259322452562,-0.0017334360031291945,0.008251691408535818,-0.04395954599189554,0.04657688066630136,-0.013332442650353823,424.09,412.56,424.95,419.16,-0.010300805485367881,-0.015461679609136074,0.012850953,0.32576737595729127,0.8356558382642081,0.5198963150403345,0.12368516728915625
2026-01-26,0.025456263755311962,-0.036206784134058215,-0.03995806885244227,0.09142247125410084,-0.03630169399818789,-0.0015278613984139322,0.01304909786867572,-0.026881259322452562,-0.0017334360031291945,0.008251691408535818,-0.04395954599189554,0.04657688066630136,-0.013332442650353823,-0.015461679609136074,412.63,405.5,414.06,412.24,-0.016647004586771867,-0.006346199101403986,0.019856801,0.33003113781267346,0.14426113409177257,0.4992809526831811,0.12985838653420986
2026-01-27,-0.036206784134058215,-0.03995806885244227,0.09142247125410084,-0.03630169399818789,-0.0015278613984139322,0.01304909786867572,-0.026881259322452562,-0.0017334360031291945,0.008251691408535818,-0.04395954599189554,0.04657688066630136,-0.013332442650353823,-0.015461679609136074,-0.006346199101403986,410.77,409.85,423.21,421.71,0.022712169991815453,0.03935917457858732,0.032349408,1.0543972140217641,1e-06,0.530406024340963,0.19603077167134683
2026-01-28,-0.03995806885244227,0.09142247125410084,-0.03630169399818789,-0.0015278613984139322,0.01304909786867572,-0.026881259322452562,-0.0017334360031291945,0.008251691408535818,-0.04395954599189554,0.04657688066630136,-0.013332442650353823,-0.015461679609136074,-0.006346199101403986,0.03935917457858732,421.71,418.48,428.26,424.83,0.007371214891293028,-0.015340955100522425,-0.0063003777,1.1332424252472508,0.5740064774718592,0.5671628968005652,0.25363136075713777
2026-01-29,0.09142247125410084,-0.03630169399818789,-0.0015278613984139322,0.01304909786867572,-0.026881259322452562,-0.0017334360031291945,0.008251691408535818,-0.04395954599189554,0.04657688066630136,-0.013332442650353823,-0.015461679609136074,-0.006346199101403986,0.03935917457858732,-0.015340955100522425,426.75,422.5,433.08,426.53,0.003993615531470145,-0.0033775993598228835,0.011300973,1.1332424252472508,1e-06,0.6039197692601673,0.29549903378161757
2026-01-30,-0.03630169399818789,-0.0015278613984139322,0.01304909786867572,-0.026881259322452562,-0.0017334360031291945,0.008251691408535818,-0.04395954599189554,0.04657688066630136,-0.013332442650353823,-0.015461679609136074,-0.006346199101403986,0.03935917457858732,-0.015340955100522425,-0.0033775993598228835,421.0,417.35,428.33,419.35,-0.016976811004126104,-0.020970426535596248,0.01663476,0.11272255431205115,1e-06,0.5677823652243983,0.3231968791335974
2026-02-02,-0.0015278613984139322,0.01304909786867572,-0.026881259322452562,-0.0017334360031291945,0.008251691408535818,-0.04395954599189554,0.04657688066630136,-0.013332442650353823,-0.015461679609136074,-0.006346199101403986,0.03935917457858732,-0.015340955100522425,-0.0033775993598228835,-0.020970426535596248,416.58,415.5,423.04,420.26,0.002167673935104387,0.019144484939230492,0.031460416,0.17603738738914854,1e-06,0.5361674492655647,0.33909549947992096
2026-02-03,0.01304909786867572,-0.026881259322452562,-0.0017334360031291945,0.008251691408535818,-0.04395954599189554,0.04657688066630136,-0.013332442650353823,-0.015461679609136074,-0.006346199101403986,0.03935917457858732,-0.015340955100522425,-0.0033775993598228835,-0.020970426535596248,0.019144484939230492,422.41,421.75,432.68,429.07,0.02074650841485959,0.018578834479755203,0.006063015,1.5289054461212435,1e-06,0.6011859660733092,0.4309521774184672
2026-02-04,-0.026881259322452562,-0.0017334360031291945,0.008251691408535818,-0.04395954599189554,0.04657688066630136,-0.013332442650353823,-0.015461679609136074,-0.006346199101403986,0.03935917457858732,-0.015340955100522425,-0.0033775993598228835,-0.020970426535596248,0.019144484939230492,0.018578834479755203,423.65,409.0,425.0,413.82,-0.03618897910912887,-0.05693548752398846,-0.0062689325,0.6581998443495009,1.1430435217996644,0.6040112256116436,0.4312050291175648
2026-02-05,-0.0017334360031291945,0.008251691408535818,-0.04395954599189554,0.04657688066630136,-0.013332442650353823,-0.015461679609136074,-0.006346199101403986,0.03935917457858732,-0.015340955100522425,-0.0033775993598228835,-0.020970426535596248,0.019144484939230492,0.018578834479755203,-0.05693548752398846,357.0,350.12,405.76,366.93,-0.1202600025038732,-0.08407102339474433,0.030562682,0.6378964727967258,1e-06,0.6187724908608755,0.4283634741944306
2026-02-06,0.008251691408535818,-0.04395954599189554,0.04657688066630136,-0.013332442650353823,-0.015461679609136074,-0.006346199101403986,0.03935917457858732,-0.015340955100522425,-0.0033775993598228835,-0.020970426535596248,0.019144484939230492,0.018578834479755203,-0.05693548752398846,-0.08407102339474433,377.85,377.85,399.77,399.24,0.08439164565100456,0.20465164815487774,0.10084935,0.11843811772249345,1e-06,0.5964295878905196,0.44666414576024044
2026-02-09,-0.04395954599189554,0.04657688066630136,-0.013332442650353823,-0.015461679609136074,-0.006346199101403986,0.03935917457858732,-0.015340955100522425,-0.0033775993598228835,-0.020970426535596248,0.019144484939230492,0.018578834479755203,-0.05693548752398846,-0.08407102339474433,0.20465164815487774,398.5,398.0,413.38,405.0,0.014324327288153575,-0.07006731836285099,-0.05463153,0.534066744407426,1e-06,0.6037744439690872,0.44457940590806344
2026-02-10,0.04657688066630136,-0.013332442650353823,-0.015461679609136074,-0.006346199101403986,0.03935917457858732,-0.015340955100522425,-0.0033775993598228835,-0.020970426535596248,0.019144484939230492,0.018578834479755203,-0.05693548752398846,-0.08407102339474433,0.20465164815487774,-0.07006731836285099,400.55,394.0,402.12,399.82,-0.012872621278942151,-0.027196948567095727,-0.0042584515,0.5078677415249415,1e-06,0.6110624503211417,0.4419133004055887
2026-02-11,-0.013332442650353823,-0.015461679609136074,-0.006346199101403986,0.03935917457858732,-0.015340955100522425,-0.0033775993598228835,-0.020970426535596248,0.019144484939230492,0.018578834479755203,-0.05693548752398846,-0.08407102339474433,0.20465164815487774,-0.07006731836285099,-0.027196948567095727,400.37,382.33,400.37,393.01,-0.017179388989440346,-0.0043067677104981945,0.02161488,0.4126751620763825,1e-06,0.6188207177847257,0.4370354439077903
2026-02-12,-0.015461679609136074,-0.006346199101403986,0.03935917457858732,-0.015340955100522425,-0.0033775993598228835,-0.020970426535596248,0.019144484939230492,0.018578834479755203,-0.05693548752398846,-0.08407102339474433,0.20465164815487774,-0.07006731836285099,-0.027196948567095727,-0.0043067677104981945,395.1,395.1,412.9,405.95,0.03239494247029948,0.04957433145973983,0.022411242,1.4036380986891266,1e-06,0.6958114836941426,0.47475270467336567
2026-02-13,-0.006346199101403986,0.03935917457858732,-0.015340955100522425,-0.0033775993598228835,-0.020970426535596248,0.019144484939230492,0.018578834479755203,-0.05693548752398846,-0.08407102339474433,0.20465164815487774,-0.07006731836285099,-0.027196948567095727,-0.0043067677104981945,0.04957433145973983,407.6,404.36,421.63,417.18,0.027287784030526233,-0.00510715843977325,-0.018454786,0.7346308177363362,1e-06,0.7247114608315471,0.46294130343119866
2026-02-17,0.03935917457858732,-0.015340955100522425,-0.0033775993598228835,-0.020970426535596248,0.019144484939230492,0.018578834479755203,-0.05693548752398846,-0.08407102339474433,0.20465164815487774,-0.07006731836285099,-0.027196948567095727,-0.0043067677104981945,0.04957433145973983,-0.00510715843977325,417.0,406.7,420.26,415.91,-0.0030488926377691614,-0.030336676668295395,-0.015515297,0.3499021626263727,1e-06,0.6743903857318764,0.4626369918753666
2026-02-18,-0.015340955100522425,-0.0033775993598228835,-0.020970426535596248,0.019144484939230492,0.018578834479755203,-0.05693548752398846,-0.08407102339474433,0.20465164815487774,-0.07006731836285099,-0.027196948567095727,-0.0043067677104981945,0.04957433145973983,-0.00510715843977325,-0.030336676668295395,419.45,415.51,426.3,424.08,0.01945322597833873,0.022502118616107892,0.017128471,0.7638895790710785,1e-06,0.6480080395764354,0.44463894930164993
2026-02-19,-0.0033775993598228835,-0.020970426535596248,0.019144484939230492,0.018578834479755203,-0.05693548752398846,-0.08407102339474433,0.20465164815487774,-0.07006731836285099,-0.027196948567095727,-0.0043067677104981945,0.04957433145973983,-0.00510715843977325,-0.030336676668295395,0.022502118616107892,425.38,425.38,442.55,442.5,0.04251834776843371,0.02306512179009498,-0.012560519,0.7638895790710785,1e-06,0.6216256934209944,0.42411727927960763
2026-02-20,-0.020970426535596248,0.019144484939230492,0.018578834479755203,-0.05693548752398846,-0.08407102339474433,0.20465164815487774,-0.07006731836285099,-0.027196948567095727,-0.0043067677104981945,0.04957433145973983,-0.00510715843977325,-0.030336676668295395,0.022502118616107892,0.02306512179009498,440.0,433.0,446.4,435.67,-0.015555388411730434,-0.05807373618016415,-0.026591858,0.7638895790710785,1e-06,0.6681376237609248,0.39897470890116976
2026-02-23,0.019144484939230492,0.018578834479755203,-0.05693548752398846,-0.08407102339474433,0.20465164815487774,-0.07006731836285099,-0.027196948567095727,-0.0043067677104981945,0.04957433145973983,-0.00510715843977325,-0.030336676668295395,0.022502118616107892,0.02306512179009498,-0.05807373618016415,430.3,429.35,441.21,436.92,0.0028650359390891647,0.0184204243508196,0.0073708734,0.5610436232340084,0.8401460047177336,0.6956380691784148,0.3749942848583478
2026-02-24,0.018578834479755203,-0.05693548752398846,-0.08407102339474433,0.20465164815487774,-0.07006731836285099,-0.027196948567095727,-0.0043067677104981945,0.04957433145973983,-0.00510715843977325,-0.030336676668295395,0.022502118616107892,0.02306512179009498,-0.05807373618016415,0.0184204243508196,432.39,431.0,448.36,446.0,0.020568840044721825,0.01770380410563266,-0.0049359947,0.5610436232340084,2.068625126616077,0.6265050818293265,0.2888890180885383
2026-02-25,-0.05693548752398846,-0.08407102339474433,0.20465164815487774,-0.07006731836285099,-0.027196948567095727,-0.0043067677104981945,0.04957433145973983,-0.00510715843977325,-0.030336676668295395,0.022502118616107892,0.02306512179009498,-0.05807373618016415,0.0184204243508196,0.01770380410563266,448.34,418.0,448.89,436.0,-0.022676708671029475,-0.0432455487157513,-0.011385065,0.5610436232340084,0.903093525462777,0.6195653517496486,0.28923581657642267
2026-02-26,-0.08407102339474433,0.20465164815487774,-0.07006731836285099,-0.027196948567095727,-0.0043067677104981945,0.04957433145973983,-0.00510715843977325,-0.030336676668295395,0.022502118616107892,0.02306512179009498,-0.05807373618016415,0.0184204243508196,0.01770380410563266,-0.0432455487157513,436.0,430.0,444.6,441.46,0.01244517236403154,0.03512188103506102,0.014357635,0.5428384274982383,1e-06,0.6127754913711853,0.2898874063559322
2026-02-27,0.20465164815487774,-0.07006731836285099,-0.027196948567095727,-0.0043067677104981945,0.04957433145973983,-0.00510715843977325,-0.030336676668295395,0.022502118616107892,0.02306512179009498,-0.05807373618016415,0.0184204243508196,0.01770380410563266,-0.0432455487157513,0.03512188103506102,440.11,435.62,444.49,443.41,0.004407434214379543,-0.008037738149651998,-0.0055882945,0.5428384274982383,1e-06,0.6430897992123098,0.25421183792079244
2026-03-02,-0.07006731836285099,-0.027196948567095727,-0.0043067677104981945,0.04957433145973983,-0.00510715843977325,-0.030336676668295395,0.022502118616107892,0.02306512179009498,-0.05807373618016415,0.0184204243508196,0.01770380410563266,-0.0432455487157513,0.03512188103506102,-0.008037738149651998,447.0,446.02,458.77,454.07,0.023756521250640823,0.01934908703626128,0.007806688,0.5428384274982383,6.45232410205711,0.6437163480045108,0.2539331190221295
2026-03-03,-0.027196948567095727,-0.0043067677104981945,0.04957433145973983,-0.00510715843977325,-0.030336676668295395,0.022502118616107892,0.02306512179009498,-0.05807373618016415,0.0184204243508196,0.01770380410563266,-0.0432455487157513,0.03512188103506102,-0.008037738149651998,0.01934908703626128,440.0,435.0,446.69,440.29,-0.030817770461711406,-0.05457429171235223,-0.016095184,0.5172629940403007,0.47244958394490044,0.6443874374698936,0.25355862286254593
2026-03-04,-0.0043067677104981945,0.04957433145973983,-0.00510715843977325,-0.030336676668295395,0.022502118616107892,0.02306512179009498,-0.05807373618016415,0.0184204243508196,0.01770380410563266,-0.0432455487157513,0.03512188103506102,-0.008037738149651998,0.01934908703626128,-0.05457429171235223,437.0,432.0,441.07,435.63,-0.01064034150561802,0.020177428956093386,0.0304266,0.1386411400156185,1e-06,0.6248135787512676,0.28182380113933647
2026-03-05,0.04957433145973983,-0.00510715843977325,-0.030336676668295395,0.022502118616107892,0.02306512179009498,-0.05807373618016415,0.0184204243508196,0.01770380410563266,-0.0432455487157513,0.03512188103506102,-0.008037738149651998,0.01934908703626128,-0.05457429171235223,0.020177428956093386,435.63,411.08,435.63,420.35,-0.035705561629449566,-0.025065220123831545,0.01973442,0.5630876954323306,0.832702293369169,0.564774264232925,0.17081183874876166
2026-03-06,-0.00510715843977325,-0.030336676668295395,0.022502118616107892,0.02306512179009498,-0.05807373618016415,0.0184204243508196,0.01770380410563266,-0.0432455487157513,0.03512188103506102,-0.008037738149651998,0.01934908703626128,-0.05457429171235223,0.020177428956093386,-0.025065220123831545,415.24,412.09,431.77,428.54,0.019296384991274052,0.05500194662072362,0.039369486,0.16287506717354686,1e-06,0.5239345677641543,0.19387114671252584
2026-03-09,-0.030336676668295395,0.022502118616107892,0.02306512179009498,-0.05807373618016415,0.0184204243508196,0.01770380410563266,-0.0432455487157513,0.03512188103506102,-0.008037738149651998,0.01934908703626128,-0.05457429171235223,0.020177428956093386,-0.025065220123831545,0.05500194662072362,423.86,417.83,431.48,429.72,0.0027497512257620275,-0.016546633765512023,-0.009922115,0.6849919186368347,0.9549718081975391,0.54786955033633,0.1914017330966161
2026-03-10,0.022502118616107892,0.02306512179009498,-0.05807373618016415,0.0184204243508196,0.01770380410563266,-0.0432455487157513,0.03512188103506102,-0.008037738149651998,0.01934908703626128,-0.05457429171235223,0.020177428956093386,-0.025065220123831545,0.05500194662072362,-0.016546633765512023,420.53,416.14,424.48,416.36,-0.03158356315107377,-0.034333314376835795,0.0059151934,0.47001417928013584,1e-06,0.5268784503512628,0.18176022724555363
2026-03-11,0.02306512179009498,-0.05807373618016415,0.0184204243508196,0.01770380410563266,-0.0432455487157513,0.03512188103506102,-0.008037738149651998,0.01934908703626128,-0.05457429171235223,0.020177428956093386,-0.025065220123831545,0.05500194662072362,-0.016546633765512023,-0.034333314376835795,411.0,410.0,419.08,413.78,-0.006215839031670347,0.02536772411940342,0.03268237,0.3837126549205128,1e-06,0.4997229557690795,0.17175036001504224
2026-03-12,-0.05807373618016415,0.0184204243508196,0.01770380410563266,-0.0432455487157513,0.03512188103506102,-0.008037738149651998,0.01934908703626128,-0.05457429171235223,0.020177428956093386,-0.025065220123831545,0.05500194662072362,-0.016546633765512023,-0.034333314376835795,0.02536772411940342,406.65,402.47,416.54,413.93,0.00036244578811953256,0.006578284819789879,0.0070664445,0.5313607713538868,2.9775555527576296,0.48311375521785155,0.1546288979499331
2026-03-13,0.0184204243508196,0.01770380410563266,-0.0432455487157513,0.03512188103506102,-0.008037738149651998,0.01934908703626128,-0.05457429171235223,0.020177428956093386,-0.025065220123831545,0.05500194662072362,-0.016546633765512023,-0.034333314376835795,0.02536772411940342,0.006578284819789879,413.96,406.56,417.87,413.9,-7.247864902952631e-05,-0.00043492443714905887,0.0024364688,0.5765610159443604,1e-06,0.4842221404114481,0.15528469537140968
2026-03-16,0.01770380410563266,-0.0432455487157513,0.03512188103506102,-0.008037738149651998,0.01934908703626128,-0.05457429171235223,0.020177428956093386,-0.025065220123831545,0.05500194662072362,-0.016546633765512023,-0.034333314376835795,0.02536772411940342,0.006578284819789879,-0.00043492443714905887,413.41,403.2,418.63,415.54,0.003954480461953581,0.004026959110983107,0.0036795149,0.6059961719849238,1e-06,0.4874330367507992,0.15744508507463362
2026-03-17,-0.0432455487157513,0.03512188103506102,-0.008037738149651998,0.01934908703626128,-0.05457429171235223,0.020177428956093386,-0.025065220123831545,0.05500194662072362,-0.016546633765512023,-0.034333314376835795,0.02536772411940342,0.006578284819789879,-0.00043492443714905887,0.004026959110983107,413.11,413.11,423.48,423.13,0.018100581219076983,0.014146100757123402,-0.00036124518,0.9304852068289734,1.325503761337171,0.5138217212932967,0.196778681253501
2026-03-18,0.03512188103506102,-0.008037738149651998,0.01934908703626128,-0.05457429171235223,0.020177428956093386,-0.025065220123831545,0.05500194662072362,-0.016546633765512023,-0.034333314376835795,0.02536772411940342,0.006578284819789879,-0.00043492443714905887,0.004026959110983107,0.014146100757123402,421.94,419.62,432.93,425.94,0.006619030843633032,-0.01148155037544395,-0.012553584,0.5649333946600459,1e-06,0.5153999332334258,0.19711761532348854
2026-03-19,-0.008037738149651998,0.01934908703626128,-0.05457429171235223,0.020177428956093386,-0.025065220123831545,0.05500194662072362,-0.016546633765512023,-0.034333314376835795,0.02536772411940342,0.006578284819789879,-0.00043492443714905887,0.004026959110983107,0.014146100757123402,-0.01148155037544395,414.7,410.0,423.02,417.59,-0.019798401357792362,-0.026417432201425395,-0.0072939764,0.5257169869335298,1e-06,0.5141769731930895,0.19698735557088434
2026-03-20,0.01934908703626128,-0.05457429171235223,0.020177428956093386,-0.025065220123831545,0.05500194662072362,-0.016546633765512023,-0.034333314376835795,0.02536772411940342,0.006578284819789879,-0.00043492443714905887,0.004026959110983107,0.014146100757123402,-0.01148155037544395,-0.026417432201425395,414.45,405.05,416.18,407.1,-0.025441234412623605,-0.005642833054831244,0.017178446,0.15205767800551398,0.04870065349409171,0.4862640625150378,0.21906327047778443
2026-03-23,-0.05457429171235223,0.020177428956093386,-0.025065220123831545,0.05500194662072362,-0.016546633765512023,-0.034333314376835795,0.02536772411940342,0.006578284819789879,-0.00043492443714905887,0.004026959110983107,0.014146100757123402,-0.01148155037544395,-0.026417432201425395,-0.005642833054831244,402.95,395.99,408.98,396.75,-0.02575249610241451,-0.00031126168979090513,0.017125878,0.4819703740608706,1e-06,0.48374316108793564,0.2188820980363381
2026-03-24,0.020177428956093386,-0.025065220123831545,0.05500194662072362,-0.016546633765512023,-0.034333314376835795,0.02536772411940342,0.006578284819789879,-0.00043492443714905887,0.004026959110983107,0.014146100757123402,-0.01148155037544395,-0.026417432201425395,-0.005642833054831244,-0.00031126168979090513,392.03,392.03,405.5,401.53,0.011975890989659888,0.0377283870920744,0.014191419,0.17526710469096995,0.7358703806329918,0.4863593014218893,0.21461738776229153
2026-03-25,-0.025065220123831545,0.05500194662072362,-0.016546633765512023,-0.034333314376835795,0.02536772411940342,0.006578284819789879,-0.00043492443714905887,0.004026959110983107,0.014146100757123402,-0.01148155037544395,-0.026417432201425395,-0.005642833054831244,-0.00031126168979090513,0.0377283870920744,405.16,398.4,407.23,402.0,0.0011698382228430327,-0.010806052766816855,-0.018203592,0.39835902863351047,0.16177616209848455,0.47459296807911644,0.21460279047715633
2026-03-26,0.05500194662072362,-0.016546633765512023,-0.034333314376835795,0.02536772411940342,0.006578284819789879,-0.00043492443714905887,0.004026959110983107,0.014146100757123402,-0.01148155037544395,-0.026417432201425395,-0.005642833054831244,-0.00031126168979090513,0.0377283870920744,-0.010806052766816855,397.1,383.97,400.49,383.97,-0.04588766408321061,-0.04705750230605364,-0.003212007,0.6310597288034664,1e-06,0.5080347296241107,0.19813816614848792
2026-03-27,-0.016546633765512023,-0.034333314376835795,0.02536772411940342,0.006578284819789879,-0.00043492443714905887,0.004026959110983107,0.014146100757123402,-0.01148155037544395,-0.026417432201425395,-0.005642833054831244,-0.00031126168979090513,0.0377283870920744,-0.010806052766816855,-0.04705750230605364,381.0,377.76,387.92,380.0,-0.010393171815378462,0.03549449226783215,0.03661671,0.3101990480262506,1e-06,0.4812638102947832,0.19770901072158423
2026-03-30,-0.034333314376835795,0.02536772411940342,0.006578284819789879,-0.00043492443714905887,0.004026959110983107,0.014146100757123402,-0.01148155037544395,-0.026417432201425395,-0.005642833054831244,-0.00031126168979090513,0.0377283870920744,-0.010806052766816855,-0.04705750230605364,0.03549449226783215,384.41,365.52,384.5,367.35,-0.03385618065414468,-0.02346300883876622,0.005817702,0.5863780065459935,3.0839925725951014,0.4895755122423445,0.1996362743692519
2026-03-31,0.02536772411940342,0.006578284819789879,-0.00043492443714905887,0.004026959110983107,0.014146100757123402,-0.01148155037544395,-0.026417432201425395,-0.005642833054831244,-0.00031126168979090513,0.0377283870920744,-0.010806052766816855,-0.04705750230605364,0.03549449226783215,-0.02346300883876622,371.0,370.0,381.74,378.94,0.031062809137929793,0.06491898979207447,0.028773678,0.3376939435842881,1e-06,0.4862884614326142,0.2018796570442185
2026-04-01,0.006578284819789879,-0.00043492443714905887,0.004026959110983107,0.014146100757123402,-0.01148155037544395,-0.026417432201425395,-0.005642833054831244,-0.00031126168979090513,0.0377283870920744,-0.010806052766816855,-0.04705750230605364,0.03549449226783215,-0.02346300883876622,0.06491898979207447,379.94,379.0,395.74,392.13,0.03421553626135422,0.003152727123424428,-0.024490174,0.7303780149873733,1e-06,0.5005039788350061,0.21204847250832165
2026-04-02,-0.00043492443714905887,0.004026959110983107,0.014146100757123402,-0.01148155037544395,-0.026417432201425395,-0.005642833054831244,-0.00031126168979090513,0.0377283870920744,-0.010806052766816855,-0.04705750230605364,0.03549449226783215,-0.02346300883876622,0.06491898979207447,0.003152727123424428,387.26,381.8,398.65,395.62,0.008860737122360011,-0.02535479913899421,-0.022097727,0.4602146293371781,1e-06,0.4921935226487788,0.21111624181428523
2026-04-06,0.004026959110983107,0.014146100757123402,-0.01148155037544395,-0.026417432201425395,-0.005642833054831244,-0.00031126168979090513,0.0377283870920744,-0.010806052766816855,-0.04705750230605364,0.03549449226783215,-0.02346300883876622,0.06491898979207447,0.003152727123424428,-0.02535479913899421,397.0,396.0,407.1,406.63,0.027449526471824817,0.018588789349464806,-0.003525663,1.463956581209988,7.568654653122643,0.5534764090219977,0.33491732469697094
2026-04-07,0.014146100757123402,-0.01148155037544395,-0.026417432201425395,-0.005642833054831244,-0.00031126168979090513,0.0377283870920744,-0.010806052766816855,-0.04705750230605364,0.03549449226783215,-0.02346300883876622,0.06491898979207447,0.003152727123424428,-0.02535479913899421,0.018588789349464806,403.71,399.46,407.83,401.6,-0.012447112682234723,-0.03989663915405954,-0.020731714,0.4786697679143932,1e-06,0.5212038776709563,0.31708821376113766
2026-04-08,-0.01148155037544395,-0.026417432201425395,-0.005642833054831244,-0.00031126168979090513,0.0377283870920744,-0.010806052766816855,-0.04705750230605364,0.03549449226783215,-0.02346300883876622,0.06491898979207447,0.003152727123424428,-0.02535479913899421,0.018588789349464806,-0.03989663915405954,404.64,403.0,413.14,410.36,0.02157825484199282,0.034025367524227544,0.009768327,0.9628123653908836,1e-06,0.5496238041517304,0.338421932101464
2026-04-09,-0.026417432201425395,-0.005642833054831244,-0.00031126168979090513,0.0377283870920744,-0.010806052766816855,-0.04705750230605364,0.03549449226783215,-0.02346300883876622,0.06491898979207447,0.003152727123424428,-0.02535479913899421,0.018588789349464806,-0.03989663915405954,0.034025367524227544,408.0,402.0,412.28,402.8,-0.018594662375104567,-0.040172917217097384,-0.021616997,0.6524850626447792,0.3787621791219785,0.558678666702534,0.3394274918314227
2026-04-10,-0.005642833054831244,-0.00031126168979090513,0.0377283870920744,-0.010806052766816855,-0.04705750230605364,0.03549449226783215,-0.02346300883876622,0.06491898979207447,0.003152727123424428,-0.02535479913899421,0.018588789349464806,-0.03989663915405954,0.034025367524227544,-0.040172917217097384,402.8,387.32,402.8,393.0,-0.024630548975145827,-0.0060358866000412605,0.008373071,0.31872876284796864,1e-06,0.5705837441912808,0.32675495222817796
2026-04-13,-0.00031126168979090513,0.0377283870920744,-0.010806052766816855,-0.04705750230605364,0.03549449226783215,-0.02346300883876622,0.06491898979207447,0.003152727123424428,-0.02535479913899421,0.018588789349464806,-0.03989663915405954,0.034025367524227544,-0.040172917217097384,-0.0060358866000412605,395.0,390.75,399.66,392.47,-0.001349510688976719,0.02328103828616911,0.012794783,0.3755426827294761,1e-06,0.5629817662390383,0.330195048395126
2026-04-14,0.0377283870920744,-0.010806052766816855,-0.04705750230605364,0.03549449226783215,-0.02346300883876622,0.06491898979207447,0.003152727123424428,-0.02535479913899421,0.018588789349464806,-0.03989663915405954,0.034025367524227544,-0.040172917217097384,-0.0060358866000412605,0.02328103828616911,394.0,394.0,398.14,397.48,0.012684517182878746,0.014034027871855466,-0.014449936,0.16713064987121362,1e-06,0.5624005908947699,0.3309362858320389
